Constituency ID,Constituency_Name,Winning_Margin,Dravida Munnetra Kazhagam,All India Anna Dravida Munnetra Kazhagam,Naam Tamilar Katchi,Indian National Congress,Pattali Makkal Katchi,Bharatiya Janata Party,Makkal Needhi Maiam,Amma Makkal Munnettra Kazagam,Independent,Communist Party of India,Viduthalai Chiruthaigal Katchi,Communist Party of India  (Marxist),None of the Above,Indian Union Muslim League,Desiya Murpokku Dravida Kazhagam,Bahujan Samaj Party,Puthiya Tamilagam,Indiya Jananayaka Katchi,SOCIAL DEMOCRATIC PARTY OF INDIA,Tamil Nadu Ilangyar Katchi,My India Party,Veerath Thiyagi Viswanathadoss Thozhilalarkal Katchi,Anaithu Makkal Puratchi Katchi,Anna Puratchi Thalaivar Amma Dravida Munnetra Kazhagam,All India Samathuva Makhal Katchi,New Generation People’s Party,Communist Party of India  (Marxist-Leninist)  (Liberation),Anna Dravidar Kazhagam,Desiya Makkal Sakthi Katchi,Naam Indiar Party,Dhesiya Makkal Kazhagam,Nationalist Congress Party,Anaithu Makkal Arasiyal Katchi,Ganasangam Party of India,Anna MGR Dravida Makkal Kalgam,All India Majlis-E-Ittehadul Muslimeen,Ahimsa Socialist Party,Tamilaga Makkal Thannurimai Katchi,Republican Party of India (Athawale),All India Jananayaka Makkal Kazhagam,Tipu Sultan Party,United States of India Party,Samaniya Makkal Nala Katchi,Akhil Bharat Hindu Mahasabha,Naadaalum Makkal Katchi,All India Uzhavargal Uzhaippalargal Katchi,Bahujan Dravida Party,Namadhu Makkal Katchi,Makkal Munnetra Peravai,Desiya Sirupanmayinar Makkal Iyakkam,Shiv Sena,Ambedkarite Party of India,Janata Dal  (Secular),National People's Party,National Democratic Party of South India,Lok Jan Shakti Party,All India Trinamool Congress,India Dravida Makkal Munnetra Katchi,Kongu  Desa  Marumalarchi  Makkal  Katchi,SOCIALIST UNITY CENTRE OF INDIA (COMMUNIST),Tamizhaga Murpokku Makkal Katchi,All India MGR Makkal Munnetra Kazhagam,Aanaithinthiya Jananayaka Pathukappu Kazhagam,Manitha Urimaigal Kalaagam,Makkal Nala Kazhagam,MGR Makkal Katchi,Anaithu Ulaga Tamilargal Munnetra Kalagam,All Pensioner’s Party,Rashtriya Janata Dal,Namathu Kongu Munnetra Kalagam,South India Forward Bloc,Akila India Vallalar Peravai,Nam India Naam Indiyar Katchi,Rashtriya Samaj Paksha,All  India  Pattali  Munnetra Katchi,People's Party of India(secular),"Makkal Sananayaga Kudiyarasu Katchi,",Samata Party,All India Youth Development Party,Ezhuchi Tamilargal Munnetra Kazhagam,Valamaana  Tamizhagam   Katchi,Makkalatchi Katchi,Ulaga Makkal Katchi,Anaithu Makkal Munnetra Kazhagam,Desa Makkal Munnetrak Kazhgam,Dravida Murpokku Makkal Katchi,Ambedkar Political Party,Tamil Telugu National Party,Akhila India Jananayaka Makkal Katchi (Dr. Isaac),Samajwadi Party,Tamilnadu Mahatma Gandhi Makkal Katchi,Anna MGR Dravida Munnetra Kazhagam,Ilantamilar Munnani Kazhagam,Tamilnadu Makkal Nalvazhvu Periyakkam,Thamizhaga Munnetra Congress,Jebamani Janata,Anaithindia Samudaya Munnetra Kazhagam,MAKKAL SAKTHI KATCHI,Indhia Kudiarasu Katchi,Vidial Valarchi Perani,Makkal Nalvaazhvuk Katchi,"Makkal Thilagam Munnetra Kazhagam,",Universal Brotherhood Movement,Rashtriya Ulama Council,Hindustan Janta Party,Kamarajar Deseeya Congress,Bhartiya Manavadhikaar Federal Party,Republican Party of India  (Sivaraj),Mahathma Makkal Munnetra Kazhakam
,,2039126,17430100,15390974,3041974,1976527,1758774,1213510,1210337,1085915,643805,504537,457763,390819,345538,222263,200156,101326,39614,39288,28051,22953,11602,7324,7040,6934,6583,5403,5135,4198,4125,4073,3532,3371,3255,3246,3157,3134,2716,2690,2510,2337,2050,1980,1933,1930,1705,1594,1508,1478,1276,1264,1205,1203,1189,1187,1073,970,963,956,943,855,667,622,562,527,519,504,497,482,478,425,404,379,375,361,351,331,295,291,280,268,261,255,235,232,200,197,177,176,168,162,162,160,146,120,116,113,112,112,110,105,104,102,99,82,73,67,63,62,52
1,Gummidipoondi,50938,126452,,11701,,75514,,,,532,,,,1783,,2576,1038,,816,,,,,,,,,,,,,,,254,,,,,,,,,,,,,,,,,,,,,,,,,,,,,,,,,,,,,,,,,,,,,,,,,,,,,,,,,,,,,,,,,,,,,,,,,,,,
2,Ponneri,9689,,84839,19027,94528,,,5394,2832,470,,,,1554,,,1106,,,,,,,,,,,,,,,,,,,190,,,,,,,,,,,,,,,,,,,,,,,,,,,,,,,,,,,,,,,,,,,,,,,,,,,,,,,,,,,,,,,,,,,,,,,,,,
3,Tiruttani,29253,120314,91061,12007,,,,,,889,,,,1665,,3928,717,,353,,,,,,,,,,,,,,,,,,,,,,121,,,,,,,,,,,,,,,,,,,,,,,,,,,,,,,,,,,,,,,,,,,,,,,,,,,,,,,,,,,,,,,,,,,,,
4,Thiruvallur,22701,107709,85008,15028,,,,,1077,388,,,,1872,,,2329,,,,,,,,,,,,,,,,,,,,,,,,,,,,,,,,,,,,,,,,,,,,,,,,,,,,,,,,,,,,,,,,,,,,,,,,,,,,,,,,,,,,,,,,,,,,,
5,Poonamallee,94110,149578,,29871,,55468,,11927,8805,448,,,,2867,,,2891,,,,,290,,,,,,,,,,,,,,,,,,,,,,,,,,,,,,,,,,,,,,,,,,,,,,,,,,,,,,,,,,,,,,,,,,,,,,,,,,,,,,,,,,,,,,,,
6,Avadi,55275,150287,95012,30087,,,,17092,,360,,,,2381,,1911,773,,,,1263,127,,,,,,,,,,,,,,,,,,,,,,,,,,,,,,,,,,,,,,,,,,,,,108,,,,,,,,,,,,,,,,,,,,,,,,,,,,120,,,,,,,,,,,,,,,
7,Maduravoyal,31721,121298,89577,21045,,,,33401,2660,553,,,,2146,,,628,,,,908,,,,,,,,,,,,349,124,,69,,,,,,,,,,,,64,,,,,,,,,,,,,,,,,,,,,,,,,,,,,,,,,,,,,,,,,,,,,,,,,,,,,,,,,,,,,,
8,Ambattur,42146,114554,72408,22701,,,,22370,2631,807,,,,2358,,,,,,,,,,,,,,,,,,,615,233,,,,,,,,,,,,,,,,,,,,,,,,,,,,,,,,,,,,,,,,,,,,,,,,,,,,,,,,,,,,,,,,,,,,,,,,,,,,
9,Madavaram,57071,151485,94414,27453,,,,15877,7104,437,,,,2166,,,1393,,,,,,,,,,,,,465,,,,,,81,,,,,,,,,,114,,,,,,175,,,,,,,,,,,,,,,,,,,,,,,,,,,,,,,,,,,,,,,,,,,,,,,,,,,,,,,,,,
10,Thiruvottiyur,37661,88185,50524,48597,,,,7053,1417,603,,,,1111,,,367,,,,,,,,,,,,,,,,,,,,,,,,,,,,,253,,,,,,,,,,,,,,,,,,,,,,,,,,,,,,,,,291,,,,,,,,,,,,,,,,,,,,,,,,,,,,,,,
11,Dr.Radhakrishnan Nagar,42479,95763,53284,20437,,,,11198,1852,557,,,,1704,,,361,,,,,,,,,,,,,,,,,,,,,,,115,,,79,,,,,,,,,34,,,,,,,,,215,,,,,,,,,,,,,,,,,,,,,,,,,,,,,,,,,,,,,,,,,104,,,,,,,,
12,Perambur,54976,105267,50291,19821,,,,17072,4042,174,,,,1515,,,515,,,,,,,,,,,,,,,,,,,,,,,296,,,,,,,,,,,,,,,,,,,,,194,,,,,,,,,,,,,,,,,,,,,,,,,,,,,,,,,,,,,,,,,,,,,,,,,
13,Kolathur,70384,105522,35138,11279,,,,14076,1080,681,,,,1529,,,1295,,,,620,,69,,,,257,,,87,,,,,,30,,,,,,,,,,,,41,,,,132,,,,65,,,,,,,,,,,,,,,,,,,,,,,,,,,43,,,,,,,,,,,,,116,,,,,,,,,,,,,,
14,Villivakkam,37237,76127,38890,10914,,,,13364,,409,,,,1444,,1094,222,,,,,,,,,,,,,88,,,,,,,,,,,,,,,,,,,,,,,,,,,,,,,,,,,,,,,,,,,,189,,,,,,,,261,,,,,,,,,,,,,,,,,,,,,,,,,,,,
15,Thiru-Vi-Ka-Nagar,55013,81727,26714,10921,,,,9710,,214,,,,1046,,1787,355,,,,,,,,,,,,,,,,,,,,,,,41,,,,,,,,,,,,,,,,,,,,,,,,,,,,,,,,,,,,,,,,,,,79,,,,,,,,,,,,,,,,,,,,,,,,,,62,
16,Egmore,38768,68832,30064,6276,,,,9990,,492,,,,1176,,1293,361,,,,,,,,,,,,,,,,,45,,,,,,,,,,,,,,,,,,,,,,,92,,,,,,,,,,,,,,,,,55,,,,,,,,,,,,,,,,,,,,,,,,,,,,,,,,,,,,
17,Royapuram,27779,64424,36645,7953,,,,8166,1128,205,,,,901,,,180,,,,557,,,,,,,,,,,,,,,,,,,,,172,,,,,,,,,,,,,,,,,,,,,,,,,,,,,,,,,,,,,,,,,,,,,,,,,,,,,,,,,,,,,,,,,,,,
18,Harbour,27274,59317,,3357,,,32043,3763,775,247,,,,912,,,410,,,,,,,,,,,,,,,,,,,,,,,,,,,,,,,,,,,,,,,,,,,,,,,,,,,,,,,,,,,,,,,,,,,,,,,,,,,,,,,,,,,,,,,,,,,,,
19,Chepauk-Thiruvallikeni,69355,93285,,9193,,23930,,,1873,367,,,,2061,,,723,,4096,,,,,,,,,,,89,,,,112,,,,,,105,,367,,,,,,,,,,,,,,,,,,,,,,,,,,,,,,,,,,,,,,,,,,,,,,,,,,,,,,,,,,,,,,,,,,,,
20,Thousand Lights,32462,71867,,8884,,,39405,11791,1155,231,,,,1385,,,246,,,,,,,,,,,,,,,,,52,,,,,,,,,,,,,,,,,,,,,,,,,,,,,,,,,,,,,,,,72,,,,,,,,,,,,,,,,,,,,,,,,,,,,,,,,,,,,
21,Anna Nagar,27445,80054,52609,10406,,,,17522,1169,158,,,,1545,,,220,,,,408,,56,,,,53,,,,,,,69,,32,,,,73,,,,,,,,,,,,,,,,,,,,,,,,,,,,,,,,,,59,,,,,,,,,,,,,,,,,,,,,,,,,,,,,,,,,,,,
22,Virugampakkam,18367,74351,55984,10185,,,,16939,,5186,,,,1563,,1585,,,,,,,90,,,,,,,,,,,90,,41,,,,,209,,,,,,,,,,,,,,,,,,,,,65,,,,,,,,73,,,,,,,,,,,,,,,,,,,,,,,,,,,,,,,,,,,,,,,,
23,Saidapet,29408,80194,50786,10717,,,,13454,2081,182,,,,1158,,,274,,,,,,,,,,,,,89,,,,,,,,,,209,,,,,,,,,,,,,,,,,,,,,,,,,,,,,,,,,,,,,,,,,,,,,,,,,,,,,,,,,,,,,,,,,,,,,,
24,Thiyagarayanagar,137,56035,55898,8284,,,,14567,782,124,,,,1617,,,269,,,,,,,,,,,,,74,,,,88,,,,,,,,,109,,,,,,,,,,,,,,,,,,,,,,,,,,,,,,,,,,,,,,,,35,,,,,,,,,,,,,,,,,,,,,,,,,,,52
25,Mylapore,12633,68392,55759,10124,,,,14904,1118,203,,,,1287,,,413,,,,,,,,,,,,,,,,,82,,,,,,,,,,,,,,,,,,,,,,,,,,,,,,,,,,,,,,,,,,,,,,,,,,,,,,,,,,,,,,,113,,,,,,,,,,,,,
26,Velachery,4352,,64141,14171,68493,,,23072,1977,282,,,,1742,,,477,,,,750,,,,,,278,,,,,,,63,,,,,,69,,,,,,,,,,,,,,,,,,,,,,87,,,,,85,,,,,,,,,,,,,,,,,,,,,,,,,,,,,,,,,,,,,,,,,,,
27,Shozhinganallur,35405,171558,136153,38872,,,,30284,,676,,,,3030,,3912,554,,,,,,,,,,,,,,,,,427,,,,,,,,,,,,,,,,,,,,,,,,,,,,,,,,,,,,,,,,,,,,,,,,,,,,,,,,,,,160,,,,,,,,,,,,,,,,,
28,Alandur,40571,116785,76214,16506,,,,21117,,260,,,,1888,,,,,,1761,1105,,,,,,,,,265,,,,187,,,,,,46,,,,,,,,,,,,,,,,60,,,,,,,,,,,,,,,,,,,,,,,,,,,,,,,,,,,,,,,,,,,,,,,,,,,,63,,
29,Sriperumbudur,10879,,104474,22034,115353,,,8870,3144,6340,,,,2139,,,803,,,,,,,,,,,,,123,,,,,,,,,,,,,,,,,,,,,,,,,,,,,,,,,,,,,,,,,,,,,,,,,,,,,,,,,,,,,,,,,,,,,,,,,,,,,,,,
30,Pallavaram,37781,126427,88646,21362,,,,20612,,274,,,,1945,,3718,519,202,,,432,171,,,,,,,,525,,,,,,59,,,,,,,,,,,,,,,,,,,,85,234,,,,,,,,,,,,,,,,,,,,,,,,,,,,,,69,,,,,,,,,,,,,,,,,,,,,,,
31,Tambaram,36824,116840,80016,19494,,,,22530,4207,264,,,,2284,,,317,,,,1351,,73,,,,,,,,,,,199,,,,,,64,,,,,,,,,,,,88,,,,56,,,,,,,,,,,,,,,,,,,,,,,,,,,,,,,,,,,,,,,,,,,,,,,,,,,,,,
32,Chengalpattu,26665,130573,103908,26868,,,,,3069,344,,,,3075,,,,,4146,,,,,,,,,684,,,,,,142,,,,,,,195,404,,,,,,,,,,,,,,,,,,,,,,,,,,,,,,,,,,,,,,,,,,,,,,,,,,,,,,,,,,,,,,,,,,,,
33,Thiruporur,1947,,,20428,,92007,,8194,7662,367,,93954,,1982,,,1135,,,,,,,,,,,,,,,,,,,,,,,,,,,,,,,,,,,,,,,,,,,,,,,,,,,,,,,,,,,,,,,,,,,,,,,,,,,,,,,,,,,,,,,,,,,,,
34,Cheyyur,4042,,78708,9653,,,,1968,,403,,82750,,1141,,3054,964,,,,,,,,,,,,,,,,,,,,,,,,,,,,,,,,,,,,,,,,,,,,,,,,,,,,,,,,,,,,,,,,,,,,,,,,,,,,,,,,,,,,,,,,,,,,,
35,Madurantakam,3570,83076,86646,9293,,,,1488,,639,,,,1371,,2137,587,,,,,,,,,,,,,,,,,,,,,,,,,,,,,,,,,121,251,,,,,,,,,,,,,,,,,,,,,,,,,,,,,,,,,,,,,,,,,,,,,,,,,,,,,,,,,,,
36,Uthiramerur,1622,93427,91805,11405,,,,2100,7211,753,,,,952,,,602,,,,,,,,,,,,,136,,,,,,,,,,85,,,,,,,,,,,,,,,,,,,,,,,,,,,,,,,,,,,,,,,,,,,,,,,,,,,,,,,,,,,,,,,,,,,,,,
37,Kancheepuram,11595,102712,,13946,,91117,,12028,2301,2050,,,,2539,,,1193,,,,,,,,,,248,,,,,,,,,,,,,,,,,,,,,,,,,,,,,,,,,,,,,,,,,,,,,,,,,,,,,,,,,,,,,,,,,,,,,,,,,,,,,,,,,,,
38,Arakkonam,27169,,85399,14631,,,,3543,4777,432,,58230,,1656,,,1825,,,,,,,,,,,,,,,,,,,,,,,,,,,,,,,,,,,,,,,,,,,,,,,,,,,,,,,,,,,,,,,,,,,,,,,,,,,,,,,,,,,,,,,,,,,,,
39,Sholinghur,26698,,,9656,110228,83530,,1664,12979,1015,,,,1239,,,614,,,,,,132,,,,,,,,,,,,,,,,,,,,,,,,,,,,222,,,,,,,,,,,,,,,,,,,,,,,,,,,,,,,,,,,,,,,,,,,,,,,,,,,,,,,,,,,
40,Katpadi,746,85140,84394,10449,,,,,1066,551,,,,1889,,,374,,1003,,,,,,,,,,,,,,,,,78,,,,144,,,,,,,,,,,,,,,,,,,,,,,,,,,,,,,,,,,,,,,,,,,,,,,,,,,,,,,,,,,,,,,,,,,,,,
41,Ranipet,16498,103291,86793,10234,,,,2762,637,425,,,,1632,,,669,,,,275,,,,,,,,,,,,,,,,,,,,,,,,,,,,,,,,,,,,,,,,,,,,,,,,,,,,,,,,,,,,,,,,,,,,,,,,,,,,,,,,,,,,,,,,,
42,Arcot,19958,103885,,12088,,83927,,2860,2190,457,,,,2253,,,782,,,,,,,,,,,,,,,,,,,,,,,,,397,,,,,,,,,,,,,,184,,,,,,,,,,,,,,,,,,,,,,,,,,,,,,,,,,,,,,,,,,,,,,,,,,,,,,
43,Vellore,9181,84299,75118,8530,,,,7243,865,367,,,,1441,,,,,,,928,,202,,,,,,,,,,,,,,,,,,,187,,,,,,,,,,,,,,,,,,,,,,,,,,,,,,,,,,,,,,,,,,,,,,,,,,,,,,,,,,,,,,,,,67,,,
44,Anaikattu,6360,95159,88799,8125,,,,,1140,1357,,,,1791,,,,,328,,,,,,,,,,,,,,,,,,,,,,,,,,,,,,,,,,,,,,,,,,,,,,,,,,,,,,,,,,,,,,,,,,,,,,,,,,,,,,,,,,,,,,,,,,,
45,Kilvaithinankuppam,10582,73997,84579,10027,,,,,,331,,,,1798,,1432,519,,519,,,,,,,,,,,,,,,,,,,,,547,,,,,,,,,,,,,,,,133,,,,,,,,,,,,,,,,,,,,,,,,,,,,,,,,,,,,,,,,,,,,,,,,,,,,,,
46,Gudiyattam,6901,100412,93511,11834,,,,,1810,449,,,,1699,,,505,,482,,,,,,,,,,,,,,,,,,,,,67,,,,,,,,,,,,,,,,,,,,,,,,,,,,,119,,,,,,,,,,,,,,,,,,,,,,,,,,,,,,,,,,,,,,,,,
47,Vaniyambadi,4904,,88018,11226,,,,1868,,362,,,,1492,83114,,721,,,,,,,,,,,,,,,,,,,,1897,,,,,,,,356,,,,,,,,,,,,,,,,,,,,,,,,,,,,,,,,,,,179,,,,,,,,,,,,,,,,,,,,,,,,,,,,,,
48,Ambur,20232,90476,70244,10150,,,,1638,,253,,,,1417,,,681,,,1793,,,,319,,,,,,,,,,,,,,,,,,,,,,,,,,,,,,,,,,,,,,,,,,,,,363,,,,,,,,,,,101,,,,,,,,,,,,,,,,,,,,,,,,,82,,,,,
49,Jolarpet,1091,89490,88399,13328,,,,,619,1067,,,,1337,,,347,,,,,,,,,,,,,,,,,,,,,,,,,,,,,,870,,,,,,,,,,,,,,,,,,,,,,,,,,,,,,,,,,,,,,,,,,,,,,,,,,,,,,,,,,,,,,,
50,Tirupattur,28240,96522,,12127,,68282,,,2702,1096,,,,1632,,,,,,,,,,128,,,,,,,,,,,,,,,,,,,,264,,,724,,,,,,,,,,,,,,,,,,,519,,,,,,,,,,,,,,,,,,,,,,,,,,,,,,,,,,,,,,,,,,,,
51,Uthangarai,28387,,99675,10424,71288,,,1254,,322,,,,1359,,2291,722,,,,,,,,206,,,,,,,,,,,,,,,,,,,,,,,,,,,,,,,,,,,,,,,,,,,,,,,,,,,,,,,,,,,,,,,,,,,,,,,,,,,,,,,,,,,,,
52,Bargur,12614,97256,84642,10113,,,,,1064,623,,,,1507,,,443,,345,,,,121,,184,,,,,,,,,,,,,,,,,,,,,,,,,,,,,,710,,,,,,,,,,,,,,,,,,,,,,,,,,,,,,,,,,,,,,,,,,,,,,,,,,,,,,,
53,Krishnagiri,794,95256,96050,11137,,,,3455,,418,,,,1837,,,488,,,,,,137,,129,,,,,89,,,1088,,,,858,,,,,,,,,,,,,,,,,,,,,,,,,,,,,,,,,,,,,,,,,,,,,,,,,,,,,,,,,,,,,,,,,,,,,,,,,
54,Veppanahalli,3054,91050,94104,8310,,,,672,,3022,,,,1662,,3601,,226,,,419,,,,131,,,,,,,,,,,,,,,,,,,,,,,,,,,,,,,,,,,,,,,,,,,,,,,,,,,,,,,,,,,,,,,,,,,,,,,,,,,,,,,,,,,,,
55,Hosur,12367,118231,105864,11422,,,,6563,806,629,,,,1976,,,,,,,,,462,,65,,145,,,,,,,,,,,,,,,,,,,,,,,,,127,,,,,,,,,,,,,,,,,,,,,,,,,,,,,,,,,,,,,,,,,,,,,,,,,,,,,,,,,,
56,Thalli,56226,,,3776,,,64415,,346,584,120641,,,1966,,,,,788,,,,138,,,,209,,,,,,,,,,,,,,,,,,,,,,,,,,,,,,,,,,,,,,,,,,,,,,,,,,,,,,,,,,,,,,,,162,,,,,,,,,,,,,,,,,,,
57,Palacode,28100,81970,110070,7704,,,,1176,,465,,,,1351,,2409,585,,,,,,,,,,,,,,,,,,,,,,,,,,,,,,,,,,,,,,,,,,,,,,,,,,,,,,,,,,,,,,,,,,,,,,,,,,,,,,,,,,,,,,,,,,,,,
58,Pennagaram,21186,84937,,8945,,106123,,1471,,1968,,,,1759,,2921,245,,,,,,,,,,,,,211,,,,,,,,,,,,,,,,,,,,,,,,,,,,,,,,,,,,,,,,,,,,,,,,,,,,,,,,,,,,,,,,,,,,,,,,,,,,,,,,
59,Dharmapuri,26860,78770,,8700,,105630,,5083,11226,718,,,,1726,,,464,,,,,208,,,1897,,,,,213,,194,,,,,,,,,,,,,,,,,,,,,,,,,,,,,,,,,,,,,,,,,,,,,,,,,,,,,,,,,,,,,,,,,,,,,,,,,,,,,,
60,Pappireddipatti,36943,77564,114507,7573,,,,1729,15863,432,,,,1338,,,625,,,,,,,150,,,,,,,,,,,,,,,,,,,,,,,,,,,,,,,,,,,,,,,,,,,,,,,,,,,,,,,,,,,,,,,,,,,,,,,,,,,,,,,,,,,,,,
61,Harur,30362,,99061,10950,,,,,14327,521,,,68699,2249,,,920,,282,,,382,,,,,,,,,,169,,,,,,,,,,,,,,,,,,,,,,,,,,,,,,,,,,,,,,,,,,,,,,,,,,,,,,,,,,,,,,,,,,,,,,,,,,,,,,
62,Chengam,11570,108081,96511,12080,,,,,,417,,,,1085,,2769,801,,828,,,,,,,,174,,,,,,,,,,,,,,,,,,,,,,,,,,,,,,,,,,,,,,,,,,,,,,,,,,,,,,,,,,,,,,,,,,,,,,,,,,,,,,,,,,,
63,Tiruvannamalai,94673,137876,,13995,,,43203,6246,2108,780,,,,2194,,,466,,,,,,131,,,,101,,,,,,,,,,,,,,,,,,,548,,,,,,,,,,,,,,,,,,,,,,,,,,,,,,,,,,,,,,,,,,,,,,,,,,,,,,,,,,,,,,,,
64,Kilpennathur,26787,104675,,11541,,77888,,1437,2191,844,,,,961,,,598,,,,,,504,,,,,,,,,,,239,,,,,,147,,,,,,,,,,317,,,,,,,,,,,,,,,,,,,,,,,,,,,,,,,,,,,,,,,,,,,,,,,,,,,,,,,,,,,,
65,Kalasapakkam,9222,94134,84912,8822,,,,,,765,,,,1593,,2756,632,,244,,,,128,,,,,,92,,,,,,,,,,,,,,,,,,,,,,,,,,,,,,,,,,,,,,,,,,,,,,,,,,,,,,,,,,,,,,,,,,,,,,,,,,,,,,,,,
66,Polur,9725,88007,97732,10197,,,,1580,656,1188,,,,1144,,,604,,,,,,,,,,,,,,,,,,,,,,,,,,,,,,,,,,,,,,,,,,,,,,,,,,,,,,,,,,,,,,,,,,,,,,,,,,,,,,,,,,,,,,,,,,,,,
67,Arani,3128,99833,102961,10491,,,,2213,,397,,,,1690,,1861,332,,,,,,509,,,,,,,,,,,,,,,,,,,,,,,,,,,,,,,,,,,,,,,,,,,,,,,,,,,,,,,,,,,,,,,,,,,,,,,,,,,,,,,,,,,,,,,
68,Cheyyar,12271,102460,90189,12192,,,,2429,1760,733,,,,1895,,,731,,,,,,504,,,,190,,,,,,,,262,,,,,,,,,,,,,,,,143,,,,,,,,,,,,,,,,,,,,,,,,,,,,,,,,,,,,,,,,,,,,,,,112,,,,,,,,,,,,
69,Vandavasi,35953,102064,,9284,,66111,,1692,1728,1264,,,,1769,,,607,,,,,,,,,,,,,,,,,,363,,,,,,,,,,,,,,,,,,,,,,,,,,,,,,,,,,,,,,,,,,,,,,,,,,,,,,,,,,,,,,,,,,,,,,,,,,,
70,Gingee,35803,109625,,9920,,73822,,2151,4811,1914,,,,2279,,,637,,,,,,,,,,,,410,,,,,,,,,,,,,,,,,,,,,,,,,,,,,,,,,,,,,,,,,,,,,,,,,,,,,,,,,,,,,,,,,,,,,,,,,,,,,,,,,
71,Mailam,2230,78814,,8340,,81044,,,,807,,,,884,,3921,648,,,,,,,,,,,,,,,,,,,377,,,,,,,,,,,,,,,,,,,,,,,,,,,,,,,,,,,,,,,,,,,,,,,,,,,,,,,,,,,,,,,,,,,,,,,,,,
72,Tindivanam,9753,77399,87152,9203,,,,2079,,379,,,,1523,,2701,603,,,,,,,,,,,,424,,,,,,,,,,,,,,,,,,,,,,247,,,,,,,,,,,,,,,,,,,,,,,,,148,,,,,,,,,,,,,,,,,,,,,,,112,,,,,,,,,,,
73,Vanur,21727,,92219,8587,,,,2500,,813,,70492,,1363,,5460,774,,,,,,,,,,,,,,,,,,,,,,,,,,,,,,,,,,,,,,,,,,,,,,,,,,,,,,,,,,,,,,,,,,,,,,,,,,,,,,,,,,,,,,,,,,,,,
74,Villupuram,14868,102271,87403,6375,,,,3242,1695,491,,,,970,,,415,,,,,,118,,,,,,32,,,,,,,,,,,,,,,,,,,,,322,78,,,,,,,,,,,,,,,,,,,,,,,,,,,,,,,,,,,,,,,,,,,,,,,,,,,,,,,,,,,
75,Vikravandi,9573,93730,84157,8216,,,,,3053,907,,,,1122,,,520,,207,,,,,,,,,,,,,,,,,,,,,,,,,,655,96,,,,,,,,,,,,,,,,,,,,,,,,,,,,,,,,,,,,,,,,,,,,,,,,,,,,,,,,,,,,,,,,
76,Tirukkoyilur,59680,110980,,11620,,,51300,,,1482,,,,2039,,13997,696,,1066,,,,566,,,,,,,,,,,,,,,,,,,,,,,231,,,,,,,,,,,,,,,,,,,,,,,,,,,,,,,,,,,,,,,,,,,,,,,,,,,,,,,,,,,,,,,,
77,Ulundurpettai,5256,115451,110195,9000,,,,677,2848,2107,,,,2280,,,825,,,,,263,299,,,,,143,,,,,,,,,,,,,,,,,,,,,,,,,,,,,81,,,,,,,,,,,,,,,,,,,,,,,,,,,,,,,,,,,,,,,,,,,110,,,,,,,,,,
78,Rishivandiyam,41728,113912,72184,12066,,,,640,10387,1508,,,,2420,,,426,,,,,151,,,,,,,,,,,,,,142,,,,,,,,,,149,,,,129,,,,,,,,,,,,,,,,,,,,,,,,,,,,,,,,,,,,,,,,,,,,,,,,,,,,,,,,,,,,
79,Sankarapuram,45963,121186,,9873,,75223,,,,2120,,,,953,,,810,,460,,,,,,,,,,,,,,,,,609,379,,,,,,,,,,,,,,,,,,,,257,,,,,,,,,,,,,,,,,,,203,,,,,,,,,,,,,,,,,,,,,,,,,,,,,,,,,,
80,Kallakurichi,25891,,110643,16474,84752,,,,,1197,,,,1257,,6571,1097,,871,,,198,,,,,,,,,,,,,,171,,,,,,,,,,,,,,,,,,,,,102,,,,,,,,,,,,,,,,,,,,,,,,,,,,,,,,,,,,,,,,,,,,,,,,,,,,,
81,Gangavalli,7361,82207,89568,9323,,,,,1519,396,,,,1251,,,485,609,493,,,,,,,,,,,,,,,,,,,,,,,,,,,,,,,,,,,,,,,,,,,,,,,,,,,,,,,,,,,,,,,,,,,,,,,,,,,,,,,,,,,,,,,,,,,
82,Attur,8257,87051,95308,10233,,,,1959,1699,367,,,,1834,,,494,,,,,,,,,,,,120,,,215,,,,,,,,,,,,,,,,,,,,,241,,,,,,,,,,,,,,,,,,,,,,,,,,,,,,,,,,,,,,,,,,,,,,,,,,,,,,,,,
83,Yercaud,25955,95606,121561,13308,,,,,,660,,,,1979,,2986,579,,876,,,,,,,,,,,,,,,,,,,,,,,,,,,,,,,,,,,,,,,,,,,,,,,,,,,,,,,,,,,,,,,,,,,,,,,,,,,,,,,,,,,,,,,,,,,
84,Omalur,55294,,142488,9416,87194,,,2930,1202,676,,,,1600,,,812,,,,1228,,,,,,,,,,,281,,,,,,,,,,,,,,,,,,,,,,,,,,,,,,,,,,,,,,,,,,,,,,,,,,,,,,,,,,,,,,,,,,,,,,,,,,,,,,
85,Mettur,656,96399,,9109,,97055,,4605,,2823,,,,2247,,1874,,,,,,226,,,,,,,,,,1783,,,435,,,,,,,,,,,,,,,,,,,,,,,,,,,,,,,,,,,,,,,,,,,,,,,,,,,,,,,,,,,,,,,,,,,,,,,,,,,
86,Edappadi,93802,69352,163154,6626,,,,1547,774,555,,,,1109,,,815,,,,153,118,,,,,,,,,,47,,,,,,,,,,,,,,,,,,,,,135,,,,,,,,,,,,,,64,,,,,,,,,,,,,,,,,,,,,,,,,,,,,,,,,,,,,,,,,,,
87,Sankari,20045,95427,115472,10862,,,,3175,1471,847,,,,1469,,,,,,,,96,,,,,,,,,,,,,200,,,,814,,,,,,,,,,,,,,,,,,,,,,,,,,,,,,,,,,,,,,,,,,,,,,,,,,,,,,,,,,,,,,,,,,,,,,,
88,Salem (West),21499,83984,,10668,,105483,,7939,,315,,,,1683,,2307,283,,,,580,330,,99,,,,,,,,639,,,,,,,164,,,,,,,,,,,,,,,,,,,,,,,,,,,,,,,,,,,,,,,,,,,,,,,,,,,,,,,,,,,,,,,,,,,,,,,
89,Salem (North),7588,93432,85844,8155,,,,10718,805,213,,,,1539,,,300,,,,,39,,,,,,,,,,25,,,,,,,,,,,,,,,,,,,,,55,,345,,,,,,,,,,,,96,,,,,,,,,,,,,,,,,,,,,,,,,,,,,,,,,,,,,,,,,,,
90,Salem (South),22609,74897,97506,10176,,,,10368,2970,311,,,,1860,,,400,,,,,,75,,,,,133,,,,61,,,,,,,,79,,,,,,,,,,,,,87,,,,,,,,,,,,,,,,,,,,,,,,,,,,,,,,,,,,,,,,,,,,,,,,,,,,,,,,,
91,Veerapandi,19895,91787,111682,9806,,,,,4986,386,,,,1409,,,361,,1302,,,133,69,,,,,,,,,118,,,,,,,,,59,,,,,,,,,,,,,,,,,,,,129,,,,,,,,,,,,,,,,,,,,,,,,,,,,,,,,,,,,,,,,,,,,,,,,,
92,Rasipuram,1952,90727,88775,11295,,,,,1051,450,,,,2110,,,351,,1133,,,,,,,,,,,,,,,,147,,,,217,,,,,,,,,,,,,,142,,,,,,,,,,,,,,,,,,,,,,,,,,,,,,,,,,,,,,,,,,,,,,,,,,,,,,,,,
93,Senthamangalam,10493,90681,80188,11654,,,,,831,11371,,,,2058,,,,,431,,,,,,,,,,,,,,,,,,,,,,,,,,,,,,,,,,,,,,,,,,,,,,,,,,,,,,,,,,,,,,,,,,,,,,,,,,,,,,,,,,,,,,,,,,,
94,Namakkal,27861,106494,78633,10122,,,,5589,,291,,,,1285,,972,261,,,,,114,,,78,,,,,,,,,,175,,,313,433,,,,,193,,58,,,,,,,,,132,,,,,,,,,,149,,,,,,,,,,,,,,,,,,,,,,,,,,,,,,,,,,,,,,,,,,,,,
95,Paramathi-Velur,7662,78372,86034,11684,,,,1882,1329,368,,,,964,,,495,,,,,,,,,,,,,,,,,,132,,,,,,,,136,,,,,,,,,,,,,,,,,,,,,,,,,,,,,,,,,,,,,,,,,,,,,,,,,,,,,,,,,,,,,,,,,,,
96,Tiruchengodu,2862,81688,78826,13967,,,,3724,449,666,,,,1518,,,,,,,,515,,,,,,,,,,,,,,,,358,204,75,,,,,,,,,,,,,,,,,,,,,,,,,,,,,,,100,,,,,,,,,,,,,,,,,,,,,,,,,,,,,,,,,,,,,,,
97,Kumarapalayam,31646,69154,100800,13240,,,,6125,,7342,,,,1342,,1022,,,,,,,,,,,,113,,,,,,,,,,,,,,,,,,,,,,,,,57,,,,,,,,,,,,304,,,,,,,,,,,,,,,,,,,,,,,,,,,,,,,,,,,,,,,,,,,,,
98,Erode (East),8904,,58396,11629,67300,,,10005,1204,299,,,,1546,,,372,,,,,,,,,,,,,,,,,,,,,,,,,,,,,,,,,,,,373,,,,,,,,,,,,,,151,,,,,,,,,,,,,,,,,,,,,,,,,,,,,,,,,,,,102,,,,,,,
99,Erode (West),22089,100757,78668,13353,,,,8107,730,434,,,,1968,,,568,,,,,,,,,,,,,,,,,,108,,,,,,,,109,,,,,,,,,,113,,,,,,54,,,,,,,,,,,,,,,,,,,,,,,,,,,,,,,,,,,,,,,,,,,,,,,,,,,
100,Modakkurichi,281,77844,,12944,,,78125,4574,1547,882,,,,2342,,,1143,,,,,295,,,,,,,,,,,,,327,,,,,,,,,,,,,,,,,,,,,,,,119,,,,,,,,,,,,235,,,,,,,,,,,,,,,,,,,,,,,,,,,,,,,,,,,,,,,
101,Dharapuram,1393,89986,,6753,,,88593,2130,1172,892,,,,1903,,,640,,,,,,,,220,,,,,,,,,,,,,,,,,,,,,,,,,,,,,,,,,,126,,,,,,,,,,,,,,,,,,,,,,,,,,,,,,,,,,,,,,,,,,,,,,,,,,,
102,Kangayam,7331,94197,86866,11307,,,,,474,2327,,,,1027,,,421,,,,,,,,134,,,,,,,,,,,,,,,,,,,,,,,,,,,,,,,,,,,,,,,,,,,,,,,,,,,,,,,,,,,,,,,,,,,,,,,,,,,,,,,,,,,,,
103,Perundurai,14507,70618,85125,10294,,,,3533,,9895,,,,1189,,858,1620,,,,,,,,107,,,,,618,,,,,,,,,,,102,,,,,,,,,,,,,,,,,,,,,,,,,,,,,,90,,,,,,,,,,,,,,,,,,,,,,,,,,,,,,,,,,,,,,,
104,Bhavani,22523,78392,100915,10471,,,,4221,956,1224,,,,2079,,,870,,,,,,,,,,,,,,,,,,,,,,322,,,,,,,,,,,,,,,,,,,,,943,,,,,,,,,,,,,,,,,,,,,,,,,,,,,,,,,,,,,,,,,,,,,,,,,,
105,Anthiyur,1275,79096,77821,8230,,,,2474,1212,567,,,,1027,,,957,,,,,,,,,,,,,,,,,,229,,,2045,,,,,,,,,,,,,,,,,,,,,103,,,,,,,,,,,,,,,,,,,,,,,,,,,,,,,,,,,,,,,,,,,,,,,,,,,
106,Gobichettipalayam,28563,80045,108608,11719,,,,4291,2682,789,,,,1307,,,1034,,,,,,,,,,,,,,,,,,,,,,,,,,,,,,,,,,,,,,,,,,415,,,,,,,,,,,,,,,,,,,,,,,,,,,,,,,,,,,,,,,,,,,,,,,,,,,
107,Bhavanisagar,16008,,99181,8517,,,,4297,,,83173,,,2005,,2197,1197,,,,,,,,,,,,,,,,,,,,,,,,,,,,,,,,,,,,,,,,,,,,,,,,,,,,,,,,,,,,,,,,,,,,,,,,,,,,,,,,,,,,,,,,,,,,,
108,Udhagamandalam,5348,,,6381,65530,,60182,4935,1273,514,,,,1376,,,,,,,,,,,,,,,,,,,,,,,,,,,,,,,,,,,,,,,,,,,,,,,,,,,,,,,,,,,,,,,,,,,,,,,,,,,,,,,,,,,,,,,,,,,,,,,,
109,Gudalur,1945,62551,64496,7317,,,,960,,421,,,,1017,,1173,,,,,,,,,,,,,,,,,,,,,,,322,,,,,,,,,,,,,,,,,,,,,,,,,,,,,,,,,,,,,,,,,,,,,,,,,,,,,,,,,,,,,,,,,,,,,,,
110,Coonoor,4105,61820,57715,7252,,,,3621,2527,513,,,,1188,,,,,,,,,,439,,,,,,,,,,,,,,,,,,,,,,,,,,,,,,,,,,404,,,,,,,,,,,,,,,,,,,,,,,,,,,,,,,,,,,,,,,,,,,,,,,,,,,,
111,Mettuppalayam,2456,102775,105231,10954,,,,,1864,660,,,,2733,,,,,,,,,274,,,,,,,,,,,,,,,,,,,,,,,,,,,,,,,,,,,,,,,,,,,,,,,,,,,,,,,,,,,,,,,,,,,,,,,,,,,,,,,,,,,,,,,
112,Avanashi,50902,66382,117284,13256,,,,8379,,520,,,,2372,,2577,833,,,,,,,,,,,,,,,,,,,,,,,,,,,,,,,,,,,,,,,,,,139,,,,,,,,,,,,,,,,,,,,,,,,,,,,,,,,,,,,,,,,,,,,,,,,,,,
113,Tiruppur (North),40102,,113384,23110,,,,19602,,366,73282,,,2162,,3427,477,,,,,,,,428,,,,592,,,,,,,,,,,,,,,,,,,,,,,,,,,,,,,,,,,,,,,,,,,,,,,,,,,,139,,,,,,,,,,,,,,,,,,,,,,,,,,,,,
114,Tiruppur (South),4709,75535,70826,12898,,,,9934,1757,265,,,,1142,,,312,,,,554,,,,101,,,,,,,,,,,,,,,,,,,,,,,,,,,,,,,,,,,,,,,,,,,,,,,,,,,,,,,,,,,,,,,,,,,,,,,,,,,,,,,,,,,,,
115,Palladam,32691,94212,126903,20524,,,,10227,2618,722,,,,1802,,,610,,,,530,,,,162,,,,130,,,,,,,,,,,,,,309,,,,,,,,,,,,,,,,,,,,,,,,,,,,,,,,,,,,,,,,,,,,,,,,,,,,,,,,,,,,,,,,,,,
116,Sulur,31932,87036,118968,14426,,,,12658,4111,380,,,,2610,,,,,,,,128,,,,,,,,,,,,,241,,,,,,,,,,,,,,,,,,,,,,,,,,,,,,,,,,,,,,,,,,,,,,,,,,,,,,,,,,,,,,,,,,,,,,,,,,,
117,Kavundampalayam,9776,125893,135669,17897,,,,23527,2002,420,,,,2892,,,,,,,726,,,,,,178,,,,,,,,,,,,,,,,,,,,,,,,,,,,,,,,,,,,,,,,,,,,,,,,,,,,,,,,,,,,,,,,,,,,,,,,,,,,,,,,,,,
118,Coimbatore (North),4001,77453,81454,11433,,,,26503,1659,313,,,,1701,,,,,,,531,,,,,,135,,,,,,,,,,,,,,,,,,,,,,,86,,,,,,,,,,,,,,,,,,,,,,,,,,,,,,,,,,,,,128,,,,,,,,,,,,,,,,,,,,,,,
119,Thondamuthur,41630,82595,124225,8042,,,,11606,1235,428,,,,1635,,,,,,,,,,,,,,,,,,,,,136,,,,,,,,,,,,,,,,,,,,,,,,,,,,,,,,,,,,,,,,,,,,,,,,,,,,,,,,,,,,,,,,,,,,,,,,,,,
120,Coimbatore (South),1728,,,4300,42383,,53209,51481,701,190,,,,901,,,274,,,,,,,,,,127,,,,,,,,76,,,,,,,,,,,,,,,,,,,,,,,,,,,,,,74,,,,,,,,,,,,,59,,,,,,,,,,,,,,,,,,,,,,,,,,,,73,,,,
121,Singanallur,10854,70390,81244,8366,,,,36855,1733,257,,,,1432,,,,,,,,113,,,,,,,211,,,,,,,,,,,,,,94,,,,,,,,,,,,,,,,,,,,,,,,,,,,,,,,,,,,,,,,,,,,,,,,,,,,,,,,,,,,,,,,,,,
122,Kinathukadavu,1095,100442,101537,11280,,,,13939,1248,505,,,,2280,,,,,,,,,353,,,,,,,,,,,,187,,,,,,55,,,,,,,,,,,,,,,,,,,,,,,,,,,,,,,,,,,,,,,,,,,,,,,,,,,,,,,,,,,,,,,,,,,,,
123,Pollachi,1725,78842,80567,6402,,,,7589,1141,368,,,,1546,,,491,,,,,,,,,,,,,,,,,,,,,,,,,,,,,,,,,,,,,,,,,,,,,,,,,,,,,,,,,,,,,,,,,,,,,,,,,,,,,,,,,,,,,,,,,,,,,
124,Valparai,12223,,71672,7632,,,,3314,,355,59449,,,1415,,1335,,,,,,,,,,,,,,,,,,,,,,,,,,,,,,,,,,,,,,,,,,,,,,,,,,,,,,,,,,,,,,,,,,,,,,,,,,,,,,,,,,,,,,,,,,,,,,
125,Udumalaipettai,21895,,96893,8592,74998,,,8163,1043,787,,,,1478,,,459,,,,,,,,683,,,,,,,,,177,,,,,,,,,,,,,,,,,,,,,,,,,,,,,,,,,,,,,,,,,,,,,,,,,,,,,,,,,,,,,,,,,,,,,,,,,,,,
126,Madathukulam,6438,77875,84313,6245,,,,2894,6515,712,,,,1048,,,467,,,,,,,,105,,,,,,,,,,,,,,,,,,,,,,,,,,,,,,,,,,,,,,,,,,,,,,,,,,,,,,,,,,,,,,,,,,,,,,,,,,,,,,,,,,,,,
127,Palani,30056,108566,78510,7656,,,,3732,2255,522,,,,1110,,,443,,,,,77,,,,,,,,,,,,,,,,,,,,,,,601,,,,,,,,,,,,,,,,,,,,,,,,,,,,,,,,,,,,,,,,,,,,,,,,,,,,,,,,,,,,,,,,,
128,Oddanchatram,28742,109970,81228,4944,,,,1082,,407,,,,1457,,1427,529,,,,,52,,61,,,,,,,,,,,,,,,,,,,,,,,,,,,,,,,,,,,,,,,,,,,,,,,,,,,,,,,,,,,,,,,,,,,,,,,,,,,,,,,,,,,,,,
129,Athoor,135571,165809,,17168,,30238,,3241,3017,1722,,,,1564,,,749,880,,,,88,,87,1180,,,,,,,,,,,,,,,,,,,,,,,,,,,,,,,,,,,,,,,,,,,,,,,,,,,,,,,,,,,,,,,,,,,,,,,,,,,,,,,,,,,,,
130,Nilakkottai,27618,63843,91461,17505,,,,3181,,515,,,,1260,,3704,666,484,,,,158,,,,,,,,,,,,,,,,,,,,,,,,,,,,,,,,,,,,,,,,,,,,,,,,,,,,,,,,,,,,,,,,,,,,,,,,,,,,,,,,,,,,,,,,
131,Natham,11932,95830,107762,14762,,,,,1721,383,,,,1444,,,678,,1025,,,166,,,,,,,,,,,,,,,,,,,,,,,,,,,,,,,,,,,,,,,,,,,,,,,,,,,,,,,,,,,,,,,,,,,,,,,,,,,,,,,,,,,,,,,,
132,Dindigul,17747,,90595,14860,,,,9063,2427,570,,,72848,1807,,,501,254,,,,305,,53,92,,,,,,,,,,,,,,,,,,,,,,,,,,,,,,,,,,,,,,,,,,,,,,,,,,,,,,,,,,,,232,,,,,,,,,,,,,,,,,,,,,,,,,
133,Vedasandur,17553,106481,88928,8495,,,,1215,2041,1293,,,,803,,,,,,,,669,,,,,,,,,,,,,123,,,,,,,,,101,,,,,,,,,,,,,,,,,,,,,,,,,,,,,,,108,,,,,,,,,,,,,,,,,,,,,,,,,,,,,,,,,,,
134,Aravakurichi,24816,93369,,7188,,,68553,1382,1599,1236,,,,869,,,328,,,,377,,,,,,,,,,,,,,,,,,,,,,,22,,,,,,,,,,,,,,,,,,,,,,,,,,,,,,,,,,,,,,,,,,,,,,,,,,,,,,,,,,,,,,,,,,
135,Karur,12448,101757,89309,7316,,,,4154,,369,,,,961,,953,210,,,,,,,,,,,,,39,,,,,105,,,,,,,,,99,,,,,,,,,,,,,,,,,,,,,,,,,,,,,,,,,,,,,,,,,,,,,,,,,,,,,,,,,,,,,,,,,,
136,Krishnarayapuram,31625,96540,64915,9706,,,,1848,,911,,,,1177,,1946,540,195,,,,128,,,,,,101,,,,,,,,,,,,,,,,122,,,,,,,,,,,,,,,,,,,,,,,,,,,,,,,,,,,,,,,,,,,,,,,,,,,,,,,,,,,,,,,,,,
137,Kulithalai,23540,100829,77289,11511,,,,,761,838,,,,1191,,,590,,674,,,,,,,,,,,,,,,,,,,,,,,215,,460,,,,,,,,,,,,,,,,,,,,,,,,,,,,,,,,,,,,,,,,,,,,,,,,,,,,,,,,,,,,,,,,,,
138,Manapparai,12243,98077,85834,19450,,,,,,1259,,,,1009,,10719,,,914,,,,,,,,,191,,,,,,,,,,,,,,,,,,,,,,,,,,,,,82,,,,,,,,,,,,,,,,,,,,,,,,129,,,,,,,,,,,,,,,,,,,,,,,,,,,,,
139,Srirangam,19915,113904,93989,17911,,,,,3487,4082,,,,2417,,,811,,1067,,,,,,,,,,,608,,,,,,,,,,,,,,89,,,,,,210,,,,,,,,,,,,,,,,,,,,,,,,,,,,,,,,,,,,,,,,,,,,,,,,,,,,,,,,,,,,
140,Tiruchirappalli (West),85109,118133,33024,15725,,,,10546,,222,,,,2117,,,,,,2545,,,,,,,,,,,,,,,,,,,,,,,,,,,,,,,,,,,,,,,,,,,,,,,,,,,,,,,,,,,,,,,,,,,,,,,,,,,,,,,,,,,,,,,,,,
141,Tiruchirappalli (East),53797,94302,40505,14312,,,,11396,9089,382,,,,1535,,,,,,,,,,,,,,,,,,,,,,,,,,,,,,,,,,,,,,,,,,,,,,,,,,,,,,,,,,,,,,,,,,,,,,,,,,,,,,,,,,,,,,,105,,,,,,,,,
142,Thiruverumbur,49697,105424,55727,15719,,,,14678,,224,,,,1418,,2293,226,,,,413,,123,,,,416,,,,,,,,,,,,,,,,,,,,,,,,,,,,,,,,,,,,,,,,,,,,,,,,,,,,,,,,,,,,,,,,,,,,,,,,,,,,,,,,,,,
143,Lalgudi,16949,84914,67965,16248,,,,,2941,304,,,,1200,,,,124,,,,,,,,,,,,,,,,,,138,,,,,,,,270,,,,,,,,65,,,,,,,,,,,,,,,,,,,,,,,,,,,,,,,,,,,,,,,,,,,,,,,,,,,,,,,,,,
144,Manachanallur,59618,116334,56716,14443,,,,1996,1631,577,,,,1067,,,451,158,,,240,112,,,,,,,,,,,,,,,,,,,,,,103,,,,,,91,,,,,,,,,,,,,,,,,,,,,,,379,,,,,,,,,,,,,,,,,,,,,,,,,,,,,,,,,,,,,
145,Musiri,26836,90624,63788,14311,,,,2499,,513,,,,1092,,3182,458,,,,,,,,,,,,,,,,,,,,,,,,,,,110,,,,,,,,,,,,,,,,,,,,,,,,,,,,,,,253,,,,,,,,,,,,,,,,,,,,,,,,,,,,,,,,,,,
146,Thuraiyur,22071,87786,65715,13158,,,,2528,2435,320,,,,1594,,,867,541,,,,,,,,,,,,,,,,,,,,,,,,,,100,,,,,,,,,,,,,,,,,,166,,,,,,,,,,,,,,,,,,,,,,,,,,,,,,,,,,,,,,,,,,,,,,,,
147,Perambalur,31034,122090,91056,18673,,,,,,379,,,,1884,,2932,520,1003,1080,,,,,,,,,,,,,,409,,,,,,,,,,,,,,,,,,,,,,,,,,,,,,,,,,,,,,,,,,,,,,,,,,,,,,,,,,,,,,,,,,,,,,,,,,,,,
148,Kunnam,6329,103922,97593,9354,,,,739,2118,977,,,,753,,,494,,,,,,,,,,187,,,,,,,,,,,,,,,,,,,,,,,,,,,,,,,,,,,,,,,,,,,,,,,,,,,,,,,,,,,,,,,,,,,,,,,,,,,,,,,,,,,
149,Ariyalur,3234,103975,100741,12346,,,,,2044,767,,,,1386,,,486,,905,,,,,,,,1037,,,,,,,,,,,,,,,,,,,,,,,,,,,,,,,,,,,,,,,,,,,,,,,,,,,,,,,,,,,,,,,,,,,,,,,,,,,,,,,,,,,
150,Jayankondam,5452,99529,,9956,,94077,,,1560,1546,,,,1861,,,605,,4700,,,,,,,,,,418,,,,,,,,,,,,,,,,,,,,,,,,,,,,,,,,,,,,,,,,,,,,,,,,,,,,,,,,,,,,,,,,,,,,,,,,,,,,,,,,,
151,Tittakudi,21563,83726,,10591,,,62163,1745,,1063,,,,999,,4142,559,,,,,,,,,,,,,221,,,,,,,,,,,,,,,,,,,,,,,,,,,,,,,,,,,,,,,,,,,,,,,,,,,,,,,,,,,,,,,,,,,,,,,,,,,,,,,,
152,Vriddhachalam,862,,,8642,77064,76202,,,,862,,,,761,,25908,468,,841,,891,,,273,,,179,,,,,,,,,,,,,,,,,,,,,,,,323,,,,,,,,,,,,,,,,,,,405,,,,,,,,,,,,,,,,,,,,,,,,,,,,,,,,,,,,,,,,
153,Neyveli,977,75177,,7785,,74200,,,2230,556,,,,1171,,,455,,1011,,,,,,,,,,,,,,,,,,,,,,,,,,,,,,,,,,,,,,,,,,,,,,,,,,,,,,,,,,,,,,,,,,,,,,,,,,,,,,,,,,,,,,,,,,,
154,Panruti,4697,93801,89104,6547,,,,1670,,418,,,,1323,,3362,,,,,,,,,,,,,,,,,,,,,,,,,,,,,,,,,,,,,,,,,,,,,,,,,,,,,,,,,,,,,,,,,,,,,,,,,,,,,,,,,,,,,,,,,,,,,,
155,Cuddalore,5151,84563,79412,9563,,,,4040,,307,,,,1236,,1499,79,,,,617,,,,29,,,,,74,,,,,,,,,,,,,,,,,,,,,,,,,,,,,,,,,,,,,,,,,,,,,,,,,,,,,,,,,,,,,,,,,,,,,,,,,,,,,,,,
156,Kurinjipadi,17527,101456,83929,8512,,,,,837,515,,,,1212,,,482,,,,,,,,,,,,140,,,,,,,,,,,,,,,,,,,,,,,,,1189,,,,,,,,,,,,,,,,,,,,,,,,,,,,,,,,,,,,,,,,,,,,,,,,,,,,,,,,
157,Bhuvanagiri,8259,88194,96453,6958,,,,,2470,333,,,,1058,,,504,,315,,,,,,,,,,,,,,,,,,,,,,,,,,,,,,,,,,,,,,,,,,,,,,,,,,,,,,,,,,,,,,,,,,,,,,,,,,,,,,,,,,,,,,,,,,,
158,Chidambaram,16937,,91961,9071,,,,2953,1388,337,,,,1202,75024,,478,,,,,,,305,,,,,,,,,,,,,,,,,,,,,,,,,,,,,,,,,,,,,,,,,,,,,,,,,,,,,,,,,,,,,,,,,,,,,,146,,,,,,,,,,,,,,,,
159,Kattumannarkoil,10565,,75491,6806,,,,1415,1904,991,,86056,,648,,,429,,,,,,,,134,,,,,,,,,,,,,,,,460,,,,,,,,,,,,,,,,,,,,,,,,,,,,,,,,,,,,,,,,,,,,,,,,,,,,,,,,,,,,,,,,,,,,,
160,Sirkazhi,12148,94057,81909,11013,,,,1000,1308,288,,,,977,,,495,,,,,,,,,,,,,,,,,79,,,,,,,,,,,,,,,,,,,,,,,,,,,,,,,,,,,,,,,,,,,,,,,,,,,,,,,,,,,,,,,,,,,,,,,,,,,,
161,Mayiladuthurai,2742,,,13186,73642,70900,,5933,7282,356,,,,1067,,,526,,,,651,,,,,,,,,,,,,,,,,,,,,,,,,,,,,,,,,,,,,,,,,,,,,,,,,,,,,,,,,,,,,,,,,,,,,,,,,,,,,,,,,,,,,,,,,
162,Poompuhar,3299,96102,92803,14823,,,,950,1220,343,,,,733,,,500,,,,,,,,,,,,,,,,,,,,,,,,,,,,,,,,,,,,,,,,,,,,,,,,,,,,,,,,,,,,,,,,,,,,,,,,,,,,,,,,,,,,,,,,,,,,,
163,Nagapattinam,7238,,59043,9976,,,,2540,3503,252,,66281,,895,,,,,,,,,,,,,,,,,,,,,,,,,,,,,,,,256,,,,,,105,,,,,,,,,,,,,,,,,,,,,,,,,,,,,,,98,,,,,,,,,,,,,,,,,,,,,,,,,,,
164,Kilvelur,16985,,,15173,,51003,,2906,2503,615,,,67988,897,,,641,614,,,,,,,,,,,,,,,,,,,,,,,,,,,,,,,,,,,,,,,,,,,,,,,,,,,,,,,,,,,,,,,,,,,,,,,,,,,,,,,,,,,,,,,,,,,,
165,Vedaranyam,12329,66390,78719,9106,,,,437,1284,319,,,,673,,,460,,,,,,,,,,,,,,,,,,,,,,,,,,,,,,,,,,,91,,,,,,,,,,,,,,,,,,,,,,,,,,,,,,,,,,,,,,,,,,,,,,,,,,,,,,,,,,
166,Thiruthuraipoondi,30068,,67024,15362,,,,,3555,476,97092,,,1313,,,,,,,,,,,,315,,,,,,,,,,,,,,,,,,,,,,,,,,,,,,,,,,,,,,,,,,,,,,,,,,,,,,,,,,,,,,,,,,,,,,,,,,,,,,,,,,,,
167,Mannargudi,37393,87172,49779,10438,,,,1366,40481,1845,,,,960,,,,588,,,,,,,,,,,,,,,,,,,,,,,,,,,,,,,,,,,,,,,,,,,,,,,,,,,,,,,,,,,,,,,,,,,,,,,,,,,,,,,,,,,,,,,,,,,,
168,Thiruvarur,51174,108906,57732,26300,,,,4068,,531,,,,1653,,,720,293,,6364,1008,,,,,,,,,,,,,,,,,,,,,,,,,,,,,,,,,,,,,,,,,,,,,,,,,,,,,,,,,,,,,,,,,,,,,,,,,,,,,,,,,,,,,,,,,
169,Nannilam,4424,99213,103637,13419,,,,,2076,352,,,,1190,,,711,,381,,,,,,,,,,164,111,,,,81,,,,,,,,,,,,,,,,,,,,,,,,,,,,,,,,,,,,,,,,,,,,,,,,,,,,,,,,,,,,,,,,,,,,,,,,,,,,
170,Thiruvidaimarudur,10680,95763,85083,11176,,,,,1746,245,,,,1240,,,1839,,226,,,,,78,,,,576,,,,,,,,,,,,,,,,,,,,,,,,,,,,,,,,,,,,,,,,,,,,,,,,,,,,,,,,,,,,,,,,,,,,,,,,,,,,,,,,,,
171,Kumbakonam,21383,96057,74674,12480,,,,5276,6523,234,,,,1648,,,,,,,,,,,,,,,,,,,,,,,,,,,,,,,,,,,,,,,,,,,,,,,,,,,,,,,,,,,,,,,,,,,,,,,,,,,,,,,,,,,,,,,,,,,,,,,,
172,Papanasam,16273,86567,70294,14724,,,,2032,19778,567,,,,1204,,,,,,,,,,252,,,,,,,,,,,,,,,,,169,,,,,,,,,,,,,,,,,,,,,,,,,,,,,,,,,,,,,,,,,,,,,,,,,,,,,,,,,,,,,,,,,,,,,
173,Thiruvaiyaru,53650,103210,,15820,,,49560,,37469,1093,,,,1180,,,530,1215,,,,,,,257,,,,,,,,,252,,,,,,,,,,,,,,,,,,,,,,,,,,,,,,,,,,,,,,,,,,,,236,,,,,,,,,,,,,,,,,,,,,,,,,,,,,,,,
174,Thanjavur,47149,103772,56623,17366,,,,9681,,260,,,,1938,,4246,,,,,,,,,,,,,,,,,281,,,,,,,,,,,,,,,,,,,,,,,,,,,,,,,,,,,,,,,,,,,,217,,,,,,,,,,,,,,,,,,,,,,,,,,,,,,,,,
175,Orathanadu,28835,61228,90063,9050,,,,721,26022,2041,,,,867,,,550,,,,,,,99,,,,,,,,,,,,,,,,,,,229,,,,,,,,,,,,,,,,,,,,,,,,,,,,,,,,,,,,,,,,,,,,,,,,,,,,,,,,,,,,,,,,,,,
176,Pattukkottai,25269,79065,53796,10730,,,,3088,5223,23771,,,,1026,,,,,,,,,,179,,,,,322,,,,,,,,,,,,,,,,,,,,,,,,,,,,,,,,,,,,,,,,,,,,,,,,,,,,,,,,,,,,,,,,,,,,,,,,,,,,,,,,,
177,Peravurani,23503,89130,65627,12154,,,,,,262,,,,770,,1623,494,,554,,,,,,,,,,,,,,,,,,,,,,,,,,,,,,,,,,,,,,,,,,,,,,,,,,,,,,,,,,,,,,,,,,,,,,,,,,,,,,,,,,,,,,,,,,,
178,Gandarvakkottai,12721,,56989,12661,,,,848,12840,620,,,69710,1390,,,,,,,,,,,,,,1271,,,,,,190,,,,,,,,,,,,,,,133,,,,,,,,,,,,,,,,,,,,,,,,,,,,,,,,,,,,,,,,,,,,,,,,,,,,,,,,,,,,,
179,Viralimalai,23598,78581,102179,7035,,,,559,1228,620,,,,385,,,263,215,,,,35,,,,,,,26,,,,,,,,,,,,,,,,,,,,,,,,,,,,,,,,,,,,,,,,,,,,,,,,,,,,,,,,,,,,,,,,,,,,,,,,,,,,,,,,,
180,Pudukkottai,13001,85802,72801,11503,,,,3948,,476,,,,604,,1873,463,,,,,95,,,,,,,,,,,,,,,,,,,,,,,,,,,424,,,,,,,,,,,,,,,,,,,,,,,,,,,,,,,,,,,,,,,,,,,,,,,,,,,,,,,,,,,,,
181,Thirumayam,1382,71349,69967,11061,,,,1356,1503,15144,,,,569,,,,238,,,,554,,,,,,,74,,,,,,,,,,,,,,,,,,,,,,,,,,,,,,,,,,,,,,,,,,,,,,,,,,,,,,,,,,,,,,,,,,,,,,,,,,,,,,,,,
182,Alangudi,25847,87935,62088,15477,,,,1230,2924,343,,,,702,,,444,,,,,180,,155,,,,165,,,,,,,,,,,,,,,,,,,,,,,,,,,,,,,,,,,,,,,,,,,,,,,,,,,,,,,,,,,,,,,,,,,,,,,,,,,,,,,,,,
183,Aranthangi,30893,,50942,18460,81835,,,966,4699,3164,,,,524,,,636,612,,,,125,,,,,,,,,,,,,,,,,,,,,,,,,,,,,,,,,,,,,,,,162,,,,,,,,,,,,,,,,,,,,,,,,,,,,168,,,,,,,,,,,,,,,,,,,,
184,Karaikudi,21589,,,23872,75954,,54365,8351,44864,548,,,,1349,,,652,702,,,,,,,,,,,,,,,,,,341,,,,,,,,,,,,,,,,,,,,,,,,,,,,,,,,,,,,,,,,,,,,,,,,,,,,,,,,,,,,,,,,,,,,,,,,,,
185,Tiruppattur,37374,103682,66308,14571,,,,,7448,13202,,,,853,,,,241,862,,,144,,96,,,,,,,,,,,,,,,,,,,,,,,,,,,,,,,,,,,,,,,,,,,,,,,,,,,,,,,,,,,,,,,,,,,,,,,,,,,,,,,,,,,,,,
186,Sivaganga,11253,,82153,22500,,,,2105,19824,1332,70900,,,1270,,,,,,,,373,,241,,,,,,,,,,,,,,,,,,,,,,,,,,,,,,,,,,,,,,,,,,,,,,,,,,,,,,,,,,,,,,,,,,,,,,,,,,,,,,,,,,,,,,
187,Manamadurai,14091,89364,75273,23228,,,,2257,10231,371,,,,1333,,,,,,,,111,,229,,,,,,,,,,,,128,,,,,,,,,,,,,,,,,,,,,,,,,,,,,,,,,,,,,,,,,,,,,,,,,,,,,,,,,,,,,,,,,,,,,,,,,,
188,Melur,35162,,83344,10669,48182,,,2176,34262,736,,,,884,,,,,,,,270,,,,,,,,,,,,,,,,,,,,,,,,,,,,,,,,,,,,,,,,,,,,,,,,,,,,,,,,,,,,,,,,,,,,,,,,,,,,,,,,,,,,,,,,
189,Madurai East,49604,122729,73125,17668,,,,11993,6729,349,,,,1944,,,,1755,,,,122,,152,,,,,,,,,,,,,,,,,,308,,,,,,112,,,,,,,,,,,,,,,,,,,,,,,,,,,,,,,,,,,,,,,,,,,,,,,,,,,,,,,,,,,,,,
190,Sholavandan,17045,84240,67195,13936,,,,3031,,363,,,,961,,3582,,250,,,,71,,,,,,125,,,,,,,,,,,,,,,,,,,,146,,,,,,,,,,,,,,,,,,,,,,,,,,,,,,,,,,,,,,,,,,,,,,,,,,,,,,,,,,,,,,
191,Madurai North,22916,73010,,15311,,,50094,12102,3280,168,,,,1564,,,,,,,,,,,,,,,167,,,,,,,,,,,,,,,,,,,,,,,,,,,,,,,,115,,,,,,,,,,,,,,,,,,,,,,,,,,,,,,,,,,,,,,,,,,,,,,,,,
192,Madurai South,6515,62812,56297,10483,,,,12821,2672,257,,,,1551,,,,,,,,104,,,,,140,,,,,,,,,,,,,,,,,,,,,,,,,,,,,,,,,,,,,,,,,,,,,,,,,,,,,,,,,,,,,,,,,,,,,,,,,,,,,,,,,,,
193,Madurai Central,34176,73205,39029,11215,,,,14495,,4907,,,,1441,,,286,,,3347,,287,,,,,,,,,,,,,,,,,,,,,,,,,,,,,,,,,,,,,,,,,,,,,,,,,,,,,,,,,,,,,,,,,,,176,,,,,,,,,,,,,,,,,,,,,
194,Madurai West,9121,74762,83883,18224,,,,15849,,368,,,,1774,,3417,,,,,2509,,,,,,,,,,,,,,,79,,,,,,,,,318,,,,,,,,,,,,,,,,,,,,,,,,,,,,,,,,,,,,,,,,,,,,,,,,,,,,,,,,,,,,,,,,,
195,Thiruparankundram,29489,,103683,22722,,,,16750,10190,2005,,,74194,2073,,,,,,,,131,,,,,,,,,,,,,,592,,,,,,,,,,,,,538,,,,,,,,,,,,,,,,,,,,,,,,,,,,,,,,,,,,,,,177,,,,,,,,,,,,,,,,,,,,,,
196,Thirumangalam,14087,86251,100338,11593,,,,2775,13780,1576,,,,971,,,,,,,,122,,,,,,,,,,,,,,,,,,,,,,,,,,,,,,,,,,98,122,,,,,,,,,,,,,,,,,,,,,,,,,,,,,,,,,,,,,,,,,,,,,,,,,,,,,
197,Usilampatti,7477,63778,71255,15357,,,,,55491,1247,,,,1032,,,,1161,,,,378,,,,,,,,,,,,,,,,,,,967,,,,,,,,,,,,,,,,,,,,,,,,,,,,,,,,,,,,,,,,,,,,,,,,,,,,,,,,,,,,,,,,,,,,,
198,Andipatti,8538,93541,85003,11216,,,,3010,11896,572,,,,1333,,,392,,,,,109,,650,115,,,,,,,,,,,,,,,,,,,,,,,,,,,,,,,127,,,,,,,115,,,,,,,,,,,,,,,,,,,,,,,,,,,,,,,,,,,,,,,,,,,,,,,
199,Periyakulam,21321,92251,70930,11794,,,,5680,16424,628,,,,2451,,,,,,,,301,,,,,,,,,,,,,,,,,,,,,,,,,,,,,,,,,,,,,,,202,,,,,,,,,,,,,,,,,,,,,,,,,,,,,,,,,,,,,,,,,,,,,,,,,
200,Bodinayakanur,11021,89029,100050,11114,,,,4128,5649,443,,,,1403,,,,,,,,143,,,100,,,,80,,,,,,,,,,,,,,,,,,,77,,,,,,,,,,559,,,,,,,,,,,,,,,,,,,,,,,,,,,,,,,,,,,,,,,,,,,,,,,,,,,,
201,Cumbum,42413,104800,62387,12347,,,,4647,14536,451,,,,1659,,,,,,,,120,,122,151,,236,,,,,,,,,,,,,,,,,,,,,,,,,,,,,,,,,,,,,,,,,,,,,,,,,,,,,,,,,,,,,,,,,,,,,,,,,,,,,,,,,,,
202,Rajapalayam,3898,74158,70260,15593,,,,4059,7660,548,,,,1875,,,,3388,,,,,,,,,,,,,,,,,,,,,,109,,,,,,,,,,,,,,,,,,,,,,,,,,,,,,,,,,,,,,,,,,,,,,,,,,,,,,,,,,,,,,,,,,,,,,
203,Srivilliputhur,12738,,70475,20348,57737,,,3512,23682,363,,,,1666,,,,4985,,,942,177,,209,,,,,,,,,,,,,,,,,,,,,,,,,,,,,,,,,,,,,,,,,,,,,,,,,,,,,,,,,,,,,,,,,,,,,,,,,,,,,,,,,,,,,,
204,Sattur,11179,74174,62995,12626,,,,,32916,635,,,,1297,,,,1599,1751,,,188,166,414,,,,,,,,,,,,,,,,,,,,,,,,97,,,,,,,,,,,,,,,156,,,,,,,,,,,,,,,,,,,,,,,,,,,,,,,,,,,,,,,,,,,,,,,
205,Sivakasi,17319,,61628,20865,78947,,,6090,9893,1430,,,,1727,,,438,,,,,191,426,316,,,,,,,,,,,,,,,,78,,,,,,,,61,,,,,,,,,,,,,,,107,,,,,,,,,,,,,,,,,,,,,,,,,,,,,,,,,,,,,,,,,,,,,,,
206,Virudhunagar,21339,73297,,14311,,,51958,,10783,1406,,,,1570,,,,,,,,,,,,5054,,,,,590,,,,,,,,,,,,,,,,,,,,,,,,,,,,,,,,,,,,,,,,,,,,,,,,,,,,,,,200,,,,,,,,,,,,,,,,,,,,,,,,
207,Aruppukkottai,39034,91040,52006,12392,,,,7638,,630,,,,1323,,2532,272,478,,,,57,,58,,,,,,,,,,,,,,,,,,,,,,,,48,,,,,,,,,,,,,,,,,,,,,,,,,,,,,,,,,,,,,,,,,,,,,,,,,,,,,,,,,,,,,,
208,Tiruchuli,60992,102225,41233,13787,,,,1356,6441,2492,,,,740,,,,593,,,,,,,,,,,,,,,,,,,,,,,,,,,,,,70,,,,,,,,,,,,,,,,,,,,,,,,,,,,,,,,,,,,,,,,,,,,,,,,,,,,,,,,,,,,,,
209,Paramakudi,13285,84864,71579,16430,,,,3488,,687,,,,1258,,2009,425,,,,,188,,,,,,,,,,,,,,,,,,,,,,,,,,,,,,,,,,,,,,,,,,,,,,,,,,,,,,,,,,,,,,,,,,,,,,,,,,,,,,,,,,,,,,,,
210,Tiruvadanai,13852,,65512,16501,79364,,,2208,33426,522,,,,768,,,610,,,,,399,,,,,,,,,,,629,,,,,,,,,,,,,,,,,,,,,,,,,,,,,,,,,,,,,,,,,,,,,,,,,,,,,,,,,,,,,,,,,,,,,,,,,,,,,
211,Ramanathapuram,50479,111082,,17046,,,60603,1985,6760,10822,,,,753,,,636,,,,,133,,,,,,,,,,,,,,,,,,,,,,,,,,78,383,,,,,,,,,,,,,,,,,,,,,,,,,,,,,,,,,,,,,,,,,,,,,,,,,,,,,,,,,,,,,
212,Mudhukulathur,20721,101901,81180,11244,,,,943,19669,813,,,,523,,,535,393,,,,134,,,,,,,,,614,,,,,,,,214,,,,,,,,,,,,,,,,,,,,,,,,,,,,,,,,,,,,,,114,,,,,,,,,,,,,,,,,,,,,,,,,,,,,,,,,
213,Vilathikulam,38549,90348,51799,11828,,,,1520,6657,348,,,,1036,,,487,1055,,,,,,,,,,,,,613,,,,,,,,,,,,,,,,,121,,,,,,,,,,,,,,,,,,,,,,,,404,,,,,,,,,,,,,,,,,,,,,,,,,,,,,,,,,,,,,,
214,Thoothukkudi,50310,92314,42004,30937,,,,10534,,2866,,,,1569,,4040,436,,,,,,269,,127,,,,,,,,,,,,,,,161,,,915,,,,,93,,,,124,,,,,,,,,,,,,,,,,,,,,,,,,,,,,,,,,,,,,,,,,,,,,,,,,,,,,,,,,,
215,Tiruchendur,25263,88274,63011,15063,,,,1965,3766,196,,,,1051,,,,,,,,,129,,,,,,,,239,,,,,,,,,,,,,,,,,,,,,,,,,,,,,,,,,,,,,,,,,,,,,,,,,,,,,,,,,,,,,,,,,,,,,,,,,,,,,,,
216,Srivaikuntam,17372,,59471,12706,76843,,,1355,10203,494,,,,756,,,,444,,,,,,,,,,,106,,233,,,,,,,,,,,,,,,,,,,,,,,,,,,,,,,,,96,,,,,,,,,,,,,,,,,,,,,,,,,,,,,,,,,,,,,,,,,,,,,,
217,Ottapidaram,8510,73110,64600,22413,,,,,,399,,,,1568,,5327,,6544,1913,,,,,,,,,,,,520,,,,,,,,,,,,,,,,,157,,,,,,,,,,,,,,,,,,,,,,,,,,,,,,,,,,,,,,,,,,,,,,,,,,,,,,,,,,,,,,
218,Kovilpatti,12403,,68556,9213,,,,3667,56153,644,,,37380,1124,,,203,,,,,,,,,,,,,,175,,,,,,,,,,,,,,,,,246,,,,,,,,,,,,,,,244,,,,,,,,,,,,,,,,,,,,,,,,,,,,,,,,,,,,,,,,,99,,,,,,
219,Sankarankovil,5297,71347,66050,13851,,,,2338,22682,890,,,,1957,,,,1941,,,,171,,,,,,,,,,,,,,,,,,,,,,,,,,97,,,,,,,,,,,,,,187,,,,,,,,,,,,,,,,,,,,,,,,,,,,,,,,,,,,,,,,,,,,,,,,
220,Vasudevanallur,2367,68730,66363,16731,,,,2139,13376,716,,,,2171,,,,3651,,,544,342,,,,,795,,,,,,,,,,,,,,,,,,,,,,,,,,,,,,,,,,,,,,,,,,,,,,,,,,,,,,,,,,,,,,,,,,,,,,,,,,,,,,,,,,,
221,Kadayanallur,24349,,88474,10136,,,,1778,34216,938,,,,1056,64125,,,,,,,,,,,,318,,,,,,,,,,,,,,,,,,,,,,,,,,,,,,,,,,,,,,,,,,,,,,,,,,,,,,,,,,,,,,,,,,,,,,,,,,,,,,,,,,,
222,Tenkasi,370,,88945,15336,89315,,,2188,9944,1978,,,,1159,,,,878,,,,195,,416,119,,,,690,,319,,,,,,,,,,,,,,,,,,,,,,,,,,,,,,,,,,,,,,,,,,,,,,,,,,,,,,,,,,,,,,,,,,,,,,,,,,,,,,,
223,Alangulam,3539,70614,74153,12519,,,,1454,,37727,,,,1786,,2816,,1105,,,,,,,,,,,,,,,,,,,,,,,,,,,,,,,,,,,,,,,,,,,,,,,,,,,,,,,,,,,,,,,,,,,,,,,,,,,,,,,,,,,,,,,,,,,,
224,Tirunelveli,23107,69175,,19162,,,92282,,8911,1412,,,,2091,,,654,,,,,,,,,,,415,,,,,,,,,,,,,,,,,,,,,,,,,,,,,,,,,,,,,,,,,,,,,,,,,,,,,,,,,,,,,,,,,,,,,,,,,,,,,,,,,,
225,Ambasamudram,16915,68296,85211,13735,,,,2807,4194,390,,,,1673,,,509,,,,,,178,,,,,,,,,,,,,,,,,,,,,,,,,,,,,,,,,,,,,,,,,,,,,,,,,,,,,,,,,,,,,,,,,,,,,,,,,,,,,,,,,,,,,,,
226,Palayamkottai,52141,89117,36976,11665,,,,8107,,395,,,,1647,,,,,,12241,,,298,,,,,,,,,,,,,,,,,,,,,,,,,,,,,,,,,,,,,,,,,231,,,,,,,,,,,,,,,,,,,,,,,,,,,,,,,,,,,,,,,,,,,,,,
227,Nanguneri,16486,,59416,17654,75902,,,,31870,1154,,,,1537,,,700,,,,,,430,,,,,,,,441,,,,,,,,,,,,,,,,,,,,,,,,,,,,,,,,,,,,,497,,,,,,,,,,,,,,,,,,,,,,,,,,,,,,,,,,,,,,,,,,
228,Radhapuram,5925,82331,76406,19371,,,,,,1224,,,,903,,2432,464,,,,,,295,,,,,,,,329,,,,,,,,,,,,,,,,,,,,,,,,,,,,,,,,,235,,,,,,,,,,,,,,,,,,,,,,,,,,,,,,,,,,,,,,,,,,,,,,
229,Kanniyakumari,16213,93532,109745,14140,,,,3106,1589,446,,,,1096,,,681,,,,,,,,,,,,,,,,,,,,,,,,,,,,,,,,,,,,,,,,,,,,,,,,,,,,,,,,,,,,,,,,,,,,,,,,,,,,,,,,,,,,,,,,,,,,,
230,Nagercoil,11669,77135,,10753,,,88804,4037,1094,242,,,,930,,,,,,,,,,315,,,,,,,,,,70,,,,,,,,,,,,,,,,,,,,,,,,,,,,,,,,,,,,,,,,,,,,,,,,,,,,,,,,,,,,,,,,,,,,,,,,,,,,
231,Colachal,24832,,,18202,90681,,65849,2127,,272,,,,878,,1332,831,,,,,,,1145,,,,1218,,,,,,,,,,,,,,,,,,,,,,,,103,,,,,,,,,,,,,,,,,,,,,,,,,,,,,,,,,,,,,,,,,,,,,,,,,,,,,,,,,,
232,Padmanabhapuram,26885,87744,60859,13899,,,,981,3234,324,,,,1036,,,1272,,,,,,,,,,,,,,,,,,,,,,,,,,,,,,,,,,,,,,,,,,,,,,,,,,,,,,,,,,,,,,,,,,,,,,,,,,,,,,,,,,,,,,,,,,,,,
233,Vilavancode,28669,,,12292,87473,,58804,637,,3541,,,,782,,2447,,,,,,,,,,,,,,,,,,,,,,,,,,,,,,,,,,,,161,,,,79,,,,,,,,,,,,,,,,,,,,,,,,,,,,235,,,,,,,,,,,,,,,,,,,,,,,,,,
234,Killiyoor,55400,,46141,14517,101541,,,,1102,323,,,,754,,,1596,,,,1443,,,,,1214,,,,,,,,,,,,,,,,,,,,,,,,,,,,,,186,,,,,,,,,,,,,,,,,,,,,,,,,,,,,,,,,,,,162,,,,,,,,,,,,,,,,,,
