Constituency ID,Constituency_Name,Winning_Margin,Candidate - Dravida Munnetra Kazhagam,Candidate - All India Anna Dravida Munnetra Kazhagam,Candidate - Naam Tamilar Katchi,Candidate - Indian National Congress,Candidate - Pattali Makkal Katchi,Candidate - Bharatiya Janata Party,Candidate - Makkal Needhi Maiam,Candidate - Amma Makkal Munnettra Kazagam,Candidate - Independent,Candidate - Communist Party of India,Candidate - Viduthalai Chiruthaigal Katchi,Candidate - Communist Party of India  (Marxist),Candidate - None of the Above,Candidate - Indian Union Muslim League,Candidate - Desiya Murpokku Dravida Kazhagam,Candidate - Bahujan Samaj Party,Candidate - Puthiya Tamilagam,Candidate - Indiya Jananayaka Katchi,Candidate - SOCIAL DEMOCRATIC PARTY OF INDIA,Candidate - Tamil Nadu Ilangyar Katchi,Candidate - My India Party,Candidate - Veerath Thiyagi Viswanathadoss Thozhilalarkal Katchi,Candidate - Anaithu Makkal Puratchi Katchi,Candidate - Anna Puratchi Thalaivar Amma Dravida Munnetra Kazhagam,Candidate - All India Samathuva Makhal Katchi,Candidate - New Generation People’s Party,Candidate - Communist Party of India  (Marxist-Leninist)  (Liberation),Candidate - Anna Dravidar Kazhagam,Candidate - Desiya Makkal Sakthi Katchi,Candidate - Naam Indiar Party,Candidate - Dhesiya Makkal Kazhagam,Candidate - Nationalist Congress Party,Candidate - Anaithu Makkal Arasiyal Katchi,Candidate - Ganasangam Party of India,Candidate - Anna MGR Dravida Makkal Kalgam,Candidate - All India Majlis-E-Ittehadul Muslimeen,Candidate - Ahimsa Socialist Party,Candidate - Tamilaga Makkal Thannurimai Katchi,Candidate - Republican Party of India (Athawale),Candidate - All India Jananayaka Makkal Kazhagam,Candidate - Tipu Sultan Party,Candidate - United States of India Party,Candidate - Samaniya Makkal Nala Katchi,Candidate - Akhil Bharat Hindu Mahasabha,Candidate - Naadaalum Makkal Katchi,Candidate - All India Uzhavargal Uzhaippalargal Katchi,Candidate - Bahujan Dravida Party,Candidate - Namadhu Makkal Katchi,Candidate - Makkal Munnetra Peravai,Candidate - Desiya Sirupanmayinar Makkal Iyakkam,Candidate - Shiv Sena,Candidate - Ambedkarite Party of India,Candidate - Janata Dal  (Secular),Candidate - National People's Party,Candidate - National Democratic Party of South India,Candidate - Lok Jan Shakti Party,Candidate - All India Trinamool Congress,Candidate - India Dravida Makkal Munnetra Katchi,Candidate - Kongu  Desa  Marumalarchi  Makkal  Katchi,Candidate - SOCIALIST UNITY CENTRE OF INDIA (COMMUNIST),Candidate - Tamizhaga Murpokku Makkal Katchi,Candidate - All India MGR Makkal Munnetra Kazhagam,Candidate - Aanaithinthiya Jananayaka Pathukappu Kazhagam,Candidate - Manitha Urimaigal Kalaagam,Candidate - Makkal Nala Kazhagam,Candidate - MGR Makkal Katchi,Candidate - Anaithu Ulaga Tamilargal Munnetra Kalagam,Candidate - All Pensioner’s Party,Candidate - Rashtriya Janata Dal,Candidate - Namathu Kongu Munnetra Kalagam,Candidate - South India Forward Bloc,Candidate - Akila India Vallalar Peravai,Candidate - Nam India Naam Indiyar Katchi,Candidate - Rashtriya Samaj Paksha,Candidate - All  India  Pattali  Munnetra Katchi,Candidate - People's Party of India(secular),"Candidate - Makkal Sananayaga Kudiyarasu Katchi,",Candidate - Samata Party,Candidate - All India Youth Development Party,Candidate - Ezhuchi Tamilargal Munnetra Kazhagam,Candidate - Valamaana  Tamizhagam   Katchi,Candidate - Makkalatchi Katchi,Candidate - Ulaga Makkal Katchi,Candidate - Anaithu Makkal Munnetra Kazhagam,Candidate - Desa Makkal Munnetrak Kazhgam,Candidate - Dravida Murpokku Makkal Katchi,Candidate - Ambedkar Political Party,Candidate - Tamil Telugu National Party,Candidate - Akhila India Jananayaka Makkal Katchi (Dr. Isaac),Candidate - Samajwadi Party,Candidate - Tamilnadu Mahatma Gandhi Makkal Katchi,Candidate - Anna MGR Dravida Munnetra Kazhagam,Candidate - Ilantamilar Munnani Kazhagam,Candidate - Tamilnadu Makkal Nalvazhvu Periyakkam,Candidate - Thamizhaga Munnetra Congress,Candidate - Jebamani Janata,Candidate - Anaithindia Samudaya Munnetra Kazhagam,Candidate - MAKKAL SAKTHI KATCHI,Candidate - Indhia Kudiarasu Katchi,Candidate - Vidial Valarchi Perani,Candidate - Makkal Nalvaazhvuk Katchi,"Candidate - Makkal Thilagam Munnetra Kazhagam,",Candidate - Universal Brotherhood Movement,Candidate - Rashtriya Ulama Council,Candidate - Hindustan Janta Party,Candidate - Kamarajar Deseeya Congress,Candidate - Bhartiya Manavadhikaar Federal Party,Candidate - Republican Party of India  (Sivaraj),Candidate - Mahathma Makkal Munnetra Kazhakam
,,2039126,17430100,15390974,3041974,1976527,1758774,1213510,1210337,1085915,643805,504537,457763,390819,345538,222263,200156,101326,39614,39288,28051,22953,11602,7324,7040,6934,6583,5403,5135,4198,4125,4073,3532,3371,3255,3246,3157,3134,2716,2690,2510,2337,2050,1980,1933,1930,1705,1594,1508,1478,1276,1264,1205,1203,1189,1187,1073,970,963,956,943,855,667,622,562,527,519,504,497,482,478,425,404,379,375,361,351,331,295,291,280,268,261,255,235,232,200,197,177,176,168,162,162,160,146,120,116,113,112,112,110,105,104,102,99,82,73,67,63,62,52
1,Gummidipoondi,50938,GOVINDARAJAN T.J,,USHA,,PRAKASH M,,,,SARAVANAN E,,,,NOTA,,DILLIY K.M,NAGARAJ S,,SARAVANAN V,,,,,,,,,,,,,,,GOWTHAM J,,,,,,,,,,,,,,,,,,,,,,,,,,,,,,,,,,,,,,,,,,,,,,,,,,,,,,,,,,,,,,,,,,,,,,,,,,,,
2,Ponneri,9689,,BALARAMAN. P,MAHESWARI. A,DURAI. CHANDRASEKAR,,,DESINGURAJAN. D,PON. RAJA,ASHOK PRIYADARSHAN. S,,,,NOTA,,,BHAVANI ILAVENIL. J,,,,,,,,,,,,,,,,,,,VIJAYAKUMAR. V,,,,,,,,,,,,,,,,,,,,,,,,,,,,,,,,,,,,,,,,,,,,,,,,,,,,,,,,,,,,,,,,,,,,,,,,,,
3,Tiruttani,29253,S.Chandran,G.Hari,L.AKILA,,,,,,D.PAULRAJ,,,,NOTA,,D.Krishnamoorthi,N.MAGENDIRAN,,M.D.Thanigai Malai,,,,,,,,,,,,,,,,,,,,,,Manikkam,,,,,,,,,,,,,,,,,,,,,,,,,,,,,,,,,,,,,,,,,,,,,,,,,,,,,,,,,,,,,,,,,,,,,
4,Thiruvallur,22701,"RAAJENDRAN, V.G.","RAMANAH, BE VEE","PASUPATHY, P.",,,,,"GURU, N.","RAJENDIRAN, G.",,,,NOTA,,,"DOSS, D.",,,,,,,,,,,,,,,,,,,,,,,,,,,,,,,,,,,,,,,,,,,,,,,,,,,,,,,,,,,,,,,,,,,,,,,,,,,,,,,,,,,,,,,,,,,,,
5,Poonamallee,94110,Krishnaswamy A,,Manimekalai A,,Rajamannar S X,,Revathi Manimegalai J,Elumalai T.A.,Ravikumar M,,,,NOTA,,,Sathyamurthy A C,,,,,Boshya Gayathri M,,,,,,,,,,,,,,,,,,,,,,,,,,,,,,,,,,,,,,,,,,,,,,,,,,,,,,,,,,,,,,,,,,,,,,,,,,,,,,,,,,,,,,,,
6,Avadi,55275,Nasar S M,Pandiarajan K,VIJAYALAKSHMI G,,,,Udhayakumar V,,Pandiarajan G,,,,NOTA,,Sankar N M,CHARLES S,,,,Balasubramanian M,Banumathi,,,,,,,,,,,,,,,,,,,,,,,,,,,,,,,,,,,,,,,,,,,,,Viswanathan R,,,,,,,,,,,,,,,,,,,,,,,,,,,,Raman N,,,,,,,,,,,,,,,
7,Maduravoyal,31721,GANAPATHY.K,BENJAMIN.P,GANESHKUMAR.G,,,,PADMA PRIYA.S,LUCKY MURUGAN.E,PRIYA.K,,,,NOTA,,,SANTHAKUMAR.Y,,,,SHANMUGAM.K,,,,,,,,,,,,LAVANYA.P,NEVIS STELLA MARY.B,,MUTHURAMAN.S,,,,,,,,,,,,SUMITHRA.R,,,,,,,,,,,,,,,,,,,,,,,,,,,,,,,,,,,,,,,,,,,,,,,,,,,,,,,,,,,,,,
8,Ambattur,42146,JOSEPH SAMUEL,V ALEXANDER,R ANBU THENARASAN,,,,S VAITHESWARAN,S VEDHACHALAM,K Bharathi,,,,NOTA,,,,,,,,,,,,,,,,,,,R Radha,S Veena,,,,,,,,,,,,,,,,,,,,,,,,,,,,,,,,,,,,,,,,,,,,,,,,,,,,,,,,,,,,,,,,,,,,,,,,,,,,
9,Madavaram,57071,SUDHARSANAM. S,Moorthy. V,ELUMALAI. R,,,,RAMESH,DHAKSHNAMOORTHY. D,MOORTHY. S,,,,NOTA,,,DEEPAK. S,,,,,,,,,,,,,ARAVIND KUMAR. P,,,,,,YUVARAJ. M,,,,,,,,,,VINOTH KUMAR. M,,,,,,SAMBATH. E,,,,,,,,,,,,,,,,,,,,,,,,,,,,,,,,,,,,,,,,,,,,,,,,,,,,,,,,,,
10,Thiruvottiyur,37661,K.P.SHANKAR,K.KUPPAN,SEEMAN,,,,D.MOHAN,M.SOUNDARA PANDIAN,M.A.MICHAEL RAJ,,,,NOTA,,,M.KOTTESWARAN,,,,,,,,,,,,,,,,,,,,,,,,,,,,,R.EGAVALLI,,,,,,,,,,,,,,,,,,,,,,,,,,,,,,,,,D.SASIRAJ,,,,,,,,,,,,,,,,,,,,,,,,,,,,,,,
11,Dr.Radhakrishnan Nagar,42479,EBENEZER. J.J. (@)  JOHN EBENEZER.J,RAAJESH.R.S.,GOWRISHANKAR . K,,,,FAZIL . A,DR. KALIDAS . P,SANTHAKUMAR . A,,,,NOTA,,,VIJAYAN.P,,,,,,,,,,,,,,,,,,,,,,,BABU MAILAN . A,,,MOHAN . R,,,,,,,,,VENUGOPAL.D,,,,,,,,,SIVAKUMAR.S,,,,,,,,,,,,,,,,,,,,,,,,,,,,,,,,,,,,,,,,,RAMADASS . E,,,,,,,,
12,Perambur,54976,SHEKAR. R.D,DHANAPALAN N.R,MERLIN SUGANTHI. S,,,,PONNUSAMY. A,LAKSHMI NARAYANAN. E,SATHEESH. J,,,,NOTA,,,SURESH. C,,,,,,,,,,,,,,,,,,,,,,,SOOSAI. M.A,,,,,,,,,,,,,,,,,,,,,SEBASTIN. J,,,,,,,,,,,,,,,,,,,,,,,,,,,,,,,,,,,,,,,,,,,,,,,,,
13,Kolathur,70384,M.K. STALIN,AADIRAJARAM,F.CAMILUS SELVA,,,,A.JAGADISH KUMAR,J.ARUMUGAM,AGNI SRI RAMACHANDRAN,,,,NOTA,,,MJS.JAMAL MOHAMED MEERA,,,,SURESH,,ELUMALAI.K,,,,ASHOK KUMAR.S,,,D.SURESHBABU,,,,,,E.RAJENDRAN,,,,,,,,,,,,A.SEETHA,,,,G.VELMURUGAN,,,,M.RAJENDRAN,,,,,,,,,,,,,,,,,,,,,,,,,,,S.SURESHKUMAR,,,,,,,,,,,,,VIVEKRAJ.J,,,,,,,,,,,,,,
14,Villivakkam,37237,A . Vetriazhagan,J.C.D.Prabhakar,R.Sridar,,,,Sriharan,,Syed Rayhan,,,,NOTA,,D.Subamangalam,A.Palanivel,,,,,,,,,,,,,S. Raju Bharathi,,,,,,,,,,,,,,,,,,,,,,,,,,,,,,,,,,,,,,,,,,,,L.Govindaraj,,,,,,,,Jagadesh Jayakumar,,,,,,,,,,,,,,,,,,,,,,,,,,,,
15,Thiru-Vi-Ka-Nagar,55013,SIVAKUMAR.P,KALYANI.P.L,ILLAVANJI.Dr.R,,,,OBATH.S,,SIHAMANI.G,,,,NOTA,,SEKAR.M.P,BAGAVATH SINGH.M,,,,,,,,,,,,,,,,,,,,,,,RAVIPARAIYANAR.D,,,,,,,,,,,,,,,,,,,,,,,,,,,,,,,,,,,,,,,,,,,PRABHAKARAN.K,,,,,,,,,,,,,,,,,,,,,,,,,,RAVIKUMAR.S,
16,Egmore,38768,I.PARANTHAMEN,B.JOHN PANDIAN,P.GEETHA LAKSHMI,,,,U. PRIYADARSINI,,V. PRABHU,,,,NOTA,,T.PRABHU,K.P.SUNDARAPRATHABAN,,,,,,,,,,,,,,,,,R.REVANTH,,,,,,,,,,,,,,,,,,,,,,,J.CHANDRAKALA,,,,,,,,,,,,,,,,,G.SHEEJA,,,,,,,,,,,,,,,,,,,,,,,,,,,,,,,,,,,,
17,Royapuram,27779,MURTHY.R.IDREAM,JAYAKUMAR.D,KAMALI.S,,,,GUNASEKARAN.S,RAMAJAYAM.C,SUGANTHAN.T,,,,NOTA,,,KUMAR.S,,,,JAMES MARTIN.M,,,,,,,,,,,,,,,,,,,,,MOHAN.A,,,,,,,,,,,,,,,,,,,,,,,,,,,,,,,,,,,,,,,,,,,,,,,,,,,,,,,,,,,,,,,,,,,,
18,Harbour,27274,SEKARBABU. P.K,,AHAMED FAZIL. M,,,VINOJ. P. SELVAM,RAMESH. A,SANTHANA KRISHNAN. P,SELVAM. P,,,,NOTA,,,RAVIKUMAR. C,,,,,,,,,,,,,,,,,,,,,,,,,,,,,,,,,,,,,,,,,,,,,,,,,,,,,,,,,,,,,,,,,,,,,,,,,,,,,,,,,,,,,,,,,,,,,
19,Chepauk-Thiruvallikeni,69355,UDHAYANIDHI STALIN,,JAYASIMMARAJA  S M,,KASSALI A.V.A,,,RAJENDRAN L,RAVI E,,,,NOTA,,,RAGHU C,,MOHAMMED IDRIS K,,,,,,,,,,,RAVI M L,,,,MOHAMED RIOZ,,,,,,ABID BAKSHQ H HUSSAIN,,TABREZ,,,,,,,,,,,,,,,,,,,,,,,,,,,,,,,,,,,,,,,,,,,,,,,,,,,,,,,,,,,,,,,,,,,,
20,Thousand Lights,32462,EZHILAN N,,SHERINE AJ,,,KUSHBOO SUNDAR,K M SHARIFF,VAIDHYANATHAN N,RADHA KRISHNAN S,,,,NOTA,,,WILLIAMS D,,,,,,,,,,,,,,,,,RIAZ(A) SYED ZAKEERULLA,,,,,,,,,,,,,,,,,,,,,,,,,,,,,,,,,,,,,,,,DOMNIC A,,,,,,,,,,,,,,,,,,,,,,,,,,,,,,,,,,,,
21,Anna Nagar,27445,M.K. Mohan,S. Gokula Indira,S. Shankar,,,,V. Ponraj,K.N. Gunasekaran,S. Sathyanarayanan,,,,NOTA,,,D. JeevithKumar,,,,S.D. Prabhakar,,S. Yuvaraja,,,,J. Nagaraj,,,,,,,Ansar Ahamed,,M. Veriyandi,,,,V. Paulraj Guna,,,,,,,,,,,,,,,,,,,,,,,,,,,,,,,,,,P. Dhanasekar,,,,,,,,,,,,,,,,,,,,,,,,,,,,,,,,,,,,
22,Virugampakkam,18367,AMV.PRABHAKARA RAJA,VIRUGAI V.N.RAVI,T.S.RAJENDRAN,,,,SENEGAN,,M.GUNASEKARAN (A) STAR M.GUNASEKARAN,,,,NOTA,,B.PARTHASARATHY,,,,,,,G.THANIGACHALAM,,,,,,,,,,,MANJU,,S.R.DINESH KUMAR,,,,,M.S.ISMAIL KHAN,,,,,,,,,,,,,,,,,,,,,R.PRABAHARAN,,,,,,,,G.RAVI,,,,,,,,,,,,,,,,,,,,,,,,,,,,,,,,,,,,,,,,
23,Saidapet,29408,SUBRAMANIAN. MA,SAIDAI DURAISAMY,SURESH KUMAR. B,,,,SNEGAPRIYA,SENTHAMIZHAN. G,SIVASANKAR. S. R,,,,NOTA,,,KOTTUR KUMAR. R,,,,,,,,,,,,,SIVAGNANASAMBANDAN. T,,,,,,,,,,SAGAYAMARY. N,,,,,,,,,,,,,,,,,,,,,,,,,,,,,,,,,,,,,,,,,,,,,,,,,,,,,,,,,,,,,,,,,,,,,,
24,Thiyagarayanagar,137,KARUNANITHI J,SATHIYANAARAYANAN B,SIVASANKARI S,,,,KARUPPIAH PALA,BHARANEESWARAN R,PALAYAN R,,,,NOTA,,,JOHNSON R,,,,,,,,,,,,,DHANASEKARAN R,,,,VETRI SELVI,,,,,,,,,DHANUSH M,,,,,,,,,,,,,,,,,,,,,,,,,,,,,,,,,,,,,,,,THIRUNAVUKKARASU V,,,,,,,,,,,,,,,,,,,,,,,,,,,ELLAPPAN A.K.D
25,Mylapore,12633,VELU.DHA,NATARAJ.R,MAHALAKSHMI.K,,,,SRIPRIYA,KARTHICK.D,RADHA M (TRANSGENDER),,,,NOTA,,,BALAJI,,,,,,,,,,,,,,,,,SENTHIL KUMAR.D,,,,,,,,,,,,,,,,,,,,,,,,,,,,,,,,,,,,,,,,,,,,,,,,,,,,,,,,,,,,,,,MOHANRAJ.J,,,,,,,,,,,,,
26,Velachery,4352,,M.K.ASHOK,M.KEERTHANA,JMH.AASSAN MAULAANA,,,Dr. SANTHOSH BABU IAS (Retd),M.CHANDRABOSE,V.SIVARAMAN,,,,NOTA,,,C.VELU,,,,V.L.REVATHI JAYAKUMARI,,,,,,GEETHA,,,,,,,D.VENKATESHAN,,,,,,J.VICTOR PAUL,,,,,,,,,,,,,,,,,,,,,,R.KANCHANA,,,,,A.CHANDRAN,,,,,,,,,,,,,,,,,,,,,,,,,,,,,,,,,,,,,,,,,,,
27,Shozhinganallur,35405,S.ARAVINDRAMESH,K.P.KANDAN,S.MICHAEL,,,,RAJIV KUMAR,,K.SURJITHKUMAR,,,,NOTA,,R.MURUGAN,G.PRAKASH ROBERT,,,,,,,,,,,,,,,,,M.RAJESWARIPRIYA,,,,,,,,,,,,,,,,,,,,,,,,,,,,,,,,,,,,,,,,,,,,,,,,,,,,,,,,,,,T.ELUMALAI,,,,,,,,,,,,,,,,,
28,Alandur,40571,T.M.Anbarasan,B.Valarmathi,Dr.R.Karthikeyan,,,,Sarathbabu,,A.Abrahamlincon,,,,NOTA,,,,,,M Mohammed Thameem Ansari,G Kamalakannan,,,,,,,,,N.Raja,,,,Subashree,,,,,,J.Vincent,,,,,,,,,,,,,,,,Rajesh Chinnadurai,,,,,,,,,,,,,,,,,,,,,,,,,,,,,,,,,,,,,,,,,,,,,,,,,,,,Dr.R.Suresh,,
29,Sriperumbudur,10879,,PALANI,PUSHPARAJ,SELVAPERUNTHAGAI,,,THANIGAIVEL,PERUMAL,VAIRAMUTHU,,,,NOTA,,,VINOTH,,,,,,,,,,,,,LOKESH,,,,,,,,,,,,,,,,,,,,,,,,,,,,,,,,,,,,,,,,,,,,,,,,,,,,,,,,,,,,,,,,,,,,,,,,,,,,,,,,
30,Pallavaram,37781,KARUNANITHI,RAJENDRAN,MINISHREE KANAGARAJ,,,,SENTHIL KUMAR,,KUMARA DOSS,,,,NOTA,,MURUGESAN,KARTHICK,AJITHKUMAR,,,GOKULKRISHNAN,VEERALAKSHMI,,,,,,,,SERMA SELVARAJ,,,,,,KUMAR,,,,,,,,,,,,,,,,,,,,SASIKUMAR LAKSHMIPATHY,SATHYASEELAN,,,,,,,,,,,,,,,,,,,,,,,,,,,,,,SRIDHARAN,,,,,,,,,,,,,,,,,,,,,,,
31,Tambaram,36824,Raja.S.R,Chinnaiyah.T.K.M,Sureshkumar.T,,,,Elango.Siva,Karikalan.M,Laksmanan N.,,,,NOTA,,,Harikrishnan.R,,,,Abdulnazar P A,,Venkatesan.C,,,,,,,,,,,KAMATCHI U.,,,,,,Justin Charles.P,,,,,,,,,,,,Manojkumar A.,,,,Ramu A,,,,,,,,,,,,,,,,,,,,,,,,,,,,,,,,,,,,,,,,,,,,,,,,,,,,,,
32,Chengalpattu,26665,VARALAKSHMI.M,GAJENDRAN.M,SANJEEVINATHAN.K,,,,,SATHISHKUMAR.A,VEERADOSS.E,,,,NOTA,,,,,MUTHAMILSELVAN.S,,,,,,,,,ERANIAPPAN.S,,,,,,VASUMATHI.G,,,,,,,SARAVANAN.D,DILLIBABU.S,,,,,,,,,,,,,,,,,,,,,,,,,,,,,,,,,,,,,,,,,,,,,,,,,,,,,,,,,,,,,,,,,,,,
33,Thiruporur,1947,,,Mohana Sundari.S,,Arumugam.K,,Lavanya.N,Kothandapani.M,A.Joshva,,S.S.Balaji,,NOTA,,,V.K.Pakkiri Ambadkar,,,,,,,,,,,,,,,,,,,,,,,,,,,,,,,,,,,,,,,,,,,,,,,,,,,,,,,,,,,,,,,,,,,,,,,,,,,,,,,,,,,,,,,,,,,,,
34,Cheyyur,4042,,Kanitha S,Rajesh R,,,,Anbu Tamilsekaran P,,Vinoth M,,Babu M,,NOTA,,Siva A,Ilayaraja S,,,,,,,,,,,,,,,,,,,,,,,,,,,,,,,,,,,,,,,,,,,,,,,,,,,,,,,,,,,,,,,,,,,,,,,,,,,,,,,,,,,,,,,,,,,,,
35,Madurantakam,3570,Sathya. C.E,Maragatham. K,Sumitha. P,,,,Dinesh. K,,Tamizhselvan. S,,,,NOTA,,Moorthi . N,Madhanraj. M,,,,,,,,,,,,,,,,,,,,,,,,,,,,,,,,,Subash. S,Kothandan. A,,,,,,,,,,,,,,,,,,,,,,,,,,,,,,,,,,,,,,,,,,,,,,,,,,,,,,,,,,,
36,Uthiramerur,1622,SUNDAR K,SOMASUNDARAM V,KAMACTHI.S,,,,SUSAIAPPAR.A,RANJITHKUMAR.R.V,PONNAMBALAM.R,,,,NOTA,,,SURESH D,,,,,,,,,,,,,SIVAKUMAR.A,,,,,,,,,,JAISUDHA.V,,,,,,,,,,,,,,,,,,,,,,,,,,,,,,,,,,,,,,,,,,,,,,,,,,,,,,,,,,,,,,,,,,,,,,
37,Kancheepuram,11595,C.V.M.P. Ezhailzrasan,,S. SALDIN,,P. Magesh Kumar,,B. GOPINATH,N. MANOGARAN,L. ARULNATHAN,,,,NOTA,,,K. Prabakaran,,,,,,,,,,M. MEGANATHAN,,,,,,,,,,,,,,,,,,,,,,,,,,,,,,,,,,,,,,,,,,,,,,,,,,,,,,,,,,,,,,,,,,,,,,,,,,,,,,,,,,,
38,Arakkonam,27169,,S.RAVI,E.ABIRAMI,,,,S.BASKARAN,K.C.MANIVANNAN,P.RAVI,,GOWTHAMA SANNAH.J,,NOTA,,,P.SUDHAKAR,,,,,,,,,,,,,,,,,,,,,,,,,,,,,,,,,,,,,,,,,,,,,,,,,,,,,,,,,,,,,,,,,,,,,,,,,,,,,,,,,,,,,,,,,,,,,
39,Sholinghur,26698,,,Y.R.PAVENDHAN,A.M.MUNIRATHINAM,A.M.KRISHNAN,,R.JAWAHAR,N.G.PARTHIBAN,T.RAJENDRAN,,,,NOTA,,,M.GIRIDHARAN,,,,,,R.VINOTH,,,,,,,,,,,,,,,,,,,,,,,,,,,,G.VIJAYAKUMAR,,,,,,,,,,,,,,,,,,,,,,,,,,,,,,,,,,,,,,,,,,,,,,,,,,,,,,,,,,,
40,Katpadi,746,DURAIMURUGAN,V RAMU,S THIRUKKUMARAN,,,,,A S RAJA,V VINAYAGAM,,,,NOTA,,,K RAJA,,M SUDHARSAN,,,,,,,,,,,,,,,,,R S SRIDHAR,,,,ARUMUGAM K P,,,,,,,,,,,,,,,,,,,,,,,,,,,,,,,,,,,,,,,,,,,,,,,,,,,,,,,,,,,,,,,,,,,,,,
41,Ranipet,16498,R.GANDHI,S.M.SUGUMAR,V.SHYLAJA,,,,M.ATHAM BASHA,G.VEERAMANI,S.JAYAKUMAR,,,,NOTA,,,A.YUVARAJ,,,,Dr.K.SATHIYARAJ,,,,,,,,,,,,,,,,,,,,,,,,,,,,,,,,,,,,,,,,,,,,,,,,,,,,,,,,,,,,,,,,,,,,,,,,,,,,,,,,,,,,,,,,,
42,Arcot,19958,J.L.Eswarappan,,R.Kathiravan,,Elavazagan.K.L,,A.R.Mohamed Raffi,N.Janarthanan,K.Manigandan,,,,NOTA,,,A.C.Kesavan,,,,,,,,,,,,,,,,,,,,,,,,,H.Mohamed Ghouse,,,,,,,,,,,,,,Munivel.S,,,,,,,,,,,,,,,,,,,,,,,,,,,,,,,,,,,,,,,,,,,,,,,,,,,,,,
43,Vellore,9181,Karthikeyan .P,Appu S.R.K,Poonkundran .N,,,,Vikram Chakravarthy .G,Dharmalingam .V.D,Vishnumohan .E,,,,NOTA,,,,,,,Naresh Kumar .R,,Senthilkumar .P,,,,,,,,,,,,,,,,,,,Syed Jalaluddin .M,,,,,,,,,,,,,,,,,,,,,,,,,,,,,,,,,,,,,,,,,,,,,,,,,,,,,,,,,,,,,,,,,Manogaran S,,,
44,Anaikattu,6360,A.P.Nandakumar,D.Velazhagan,A.Sumithra,,,,,V.D.Sathish Kumar,M.Senthil Kumar,,,,NOTA,,,,,K.Rajasekar,,,,,,,,,,,,,,,,,,,,,,,,,,,,,,,,,,,,,,,,,,,,,,,,,,,,,,,,,,,,,,,,,,,,,,,,,,,,,,,,,,,,,,,,,,,
45,Kilvaithinankuppam,10582,K Seetharaman,M.JAGAN MOORTHY,J.Divya Rani,,,,,,S SELVA CHENGUTTUVAN,,,,NOTA,,DHANASEELAN,PUSHPALATHA D,,K VENKATASAMY,,,,,,,,,,,,,,,,,,,,,K ELAVARASAN,,,,,,,,,,,,,,,,K SATHU,,,,,,,,,,,,,,,,,,,,,,,,,,,,,,,,,,,,,,,,,,,,,,,,,,,,,,
46,Gudiyattam,6901,Amulu.V,Paritha.G,Kalaiyenthiri.R,,,,,Jayanthi Padmanaban.C,Jaikarthikeyan.K,,,,NOTA,,,Raja.S,,Rajan.C,,,,,,,,,,,,,,,,,,,,,Vennila.R,,,,,,,,,,,,,,,,,,,,,,,,,,,,,Selvavinayagam.D,,,,,,,,,,,,,,,,,,,,,,,,,,,,,,,,,,,,,,,,,
47,Vaniyambadi,4904,,G.SENDHIL KUMAR,A.J.DEVENDHIRAN,,,,M.GNANA DOSS,,M.SURESH,,,,NOTA,N.MOHAMMED NAYEEM,,D.Ramu,,,,,,,,,,,,,,,,,,,,T.S.VAKEEL AHMED,,,,,,,,B.JAGAN,,,,,,,,,,,,,,,,,,,,,,,,,,,,,,,,,,,R.Sekar,,,,,,,,,,,,,,,,,,,,,,,,,,,,,,
48,Ambur,20232,VILWANATHAN.A.C,NAZAR MOHAMED.K,MAHARUNNISHA,,,,RAJA.S,,RAJINIKANTH.P,,,,NOTA,,,WAZEER AHMED.J,,,UMAR FAROOK.ASA,,,,ASHOK KUMAR.C,,,,,,,,,,,,,,,,,,,,,,,,,,,,,,,,,,,,,,,,,,,,,MANI.S.P,,,,,,,,,,,PARTHIBAN.V,,,,,,,,,,,,,,,,,,,,,,,,,KAREEM BASHA.A,,,,,
49,Jolarpet,1091,DEVARAJI.K.,VEERAMANI.K.C.,SIVA.A.,,,,,THENNARASU SAAMRAJ,KARUNANIDHI.R.,,,,NOTA,,,SIVAKUMAR.V.C.,,,,,,,,,,,,,,,,,,,,,,,,,,,,,,KALASTHRI.S.,,,,,,,,,,,,,,,,,,,,,,,,,,,,,,,,,,,,,,,,,,,,,,,,,,,,,,,,,,,,,,,
50,Tirupattur,28240,A. NALLATHAMBI,,M. SUMATHI,,T.K. RAJA,,,A. GNANASEKAR,B. VIJAYAKUMAR,,,,NOTA,,,,,,,,,,A. JEYAMMA,,,,,,,,,,,,,,,,,,,,I. ROSELIN JEEVA,,,S. KALASHTHRI,,,,,,,,,,,,,,,,,,,S. SATHIYAMOORTHY,,,,,,,,,,,,,,,,,,,,,,,,,,,,,,,,,,,,,,,,,,,,
51,Uthangarai,28387,,T.M.TAMILSELVAM,Elangovan,S.Arumugam,,,K.Murugesan,,C.Jayaraman,,,,NOTA,,R.Bakyaraj,NAGARAJ,,,,,,,,S.Perumal,,,,,,,,,,,,,,,,,,,,,,,,,,,,,,,,,,,,,,,,,,,,,,,,,,,,,,,,,,,,,,,,,,,,,,,,,,,,,,,,,,,,,
52,Bargur,12614,MATHIAZHAGAN D,KRISHNAN A,KARUNAKARAN K,,,,,GANESA KUMAR S,MANJUNATHAN M,,,,NOTA,,,MURALI M,,ARUN GOWTHAM R,,,,AANDI A,,VASANTHARAJ P,,,,,,,,,,,,,,,,,,,,,,,,,,,,,,NIRMALA A,,,,,,,,,,,,,,,,,,,,,,,,,,,,,,,,,,,,,,,,,,,,,,,,,,,,,,,
53,Krishnagiri,794,SENGUTTUVAN.T,Ashokkumar.K,NIRANDARI.V,,,,RAVISHANKAR.R.K,,SAKTHI.K,,,,NOTA,,,TAMILSELVAN.S,,,,,,VIJAYAKUMAR.R,,SASIKUMAR.K.S,,,,,RUTHRAMANI.T,,,CHANDRAMOHAN.K.M,,,,AMEENULLA,,,,,,,,,,,,,,,,,,,,,,,,,,,,,,,,,,,,,,,,,,,,,,,,,,,,,,,,,,,,,,,,,,,,,,,,,
54,Veppanahalli,3054,P.Murugan,K.P.Munusamy,M.Sakthivel,,,,P.Jayapal,,Abdul Azeez Amanullah,,,,NOTA,,S.M.Murugesan,,M.Mariyappan,,,S.Thangapandiyan,,,,Valli,,,,,,,,,,,,,,,,,,,,,,,,,,,,,,,,,,,,,,,,,,,,,,,,,,,,,,,,,,,,,,,,,,,,,,,,,,,,,,,,,,,,,
55,Hosur,12367,PRAKAASH Y,JYOTHI S,GEETHA LAKSHMI S,,,,MASOOD S,MAREGOWDU M,RAMASWAMY G C,,,,NOTA,,,,,,,,,EZHILAN S,,JAYASEELAN G,,SELVAM G,,,,,,,,,,,,,,,,,,,,,,,,,SUNDAR L,,,,,,,,,,,,,,,,,,,,,,,,,,,,,,,,,,,,,,,,,,,,,,,,,,,,,,,,,,
56,Thalli,56226,,,MARY SELVARANI.R,,,Dr.NAGESH KUMAR.C,,SEKAR.M.V,VASANTHAMMA.N,RAMACHANDRAN.T,,,NOTA,,,,,ASHOK KUMAR.V,,,,JANAKI.G,,,,USHA.M,,,,,,,,,,,,,,,,,,,,,,,,,,,,,,,,,,,,,,,,,,,,,,,,,,,,,,,,,,,,,,,,RAVI.G,,,,,,,,,,,,,,,,,,,
57,Palacode,28100,MURUGAN.P.K.,ANBALAGAN.K.P.,KALAISELVI.G.,,,,RAJASEKAR.D.,,VADIVEL.M.,,,,NOTA,,VIJAYASANKAR.P.,HARI.R.,,,,,,,,,,,,,,,,,,,,,,,,,,,,,,,,,,,,,,,,,,,,,,,,,,,,,,,,,,,,,,,,,,,,,,,,,,,,,,,,,,,,,,,,,,,,,
58,Pennagaram,21186,INBASEKARAN. P.N.P,,TAMILAZHAGAN. R,,MANI. G.K,,SHAKILA. K,,PERIYANANJAPPAN. A,,,,NOTA,,UTHAYAKUMAR. R,MOORTHI. S,,,,,,,,,,,,,ANNADURAI. C,,,,,,,,,,,,,,,,,,,,,,,,,,,,,,,,,,,,,,,,,,,,,,,,,,,,,,,,,,,,,,,,,,,,,,,,,,,,,,,,
59,Dharmapuri,26860,SUBRAMANI.P,,SENTHIL KUMAR (A) SENTHIL.A.,,VENKATESHWARAN.S.P.,,JAYAVENKATESAN.S.K.,RAJENDRAN.D.K.,NATARAJAN.V.,,,,NOTA,,,PERUMAL.P,,,,,RAMASAMY.T.,,,NATARAJAN.M.,,,,,SAKTHIVEL.P.,,MANI.L.,,,,,,,,,,,,,,,,,,,,,,,,,,,,,,,,,,,,,,,,,,,,,,,,,,,,,,,,,,,,,,,,,,,,,,,,,,,,,,
60,Pappireddipatti,36943,PRABHURAJASEKAR.M,GOVINDASAMY.A,RAMESH.R,,,,SRINIVASAN,PALANIAPPAN.P,GOVINDASAMY.R,,,,NOTA,,,GOPI.K,,,,,,,MURUGAN.R,,,,,,,,,,,,,,,,,,,,,,,,,,,,,,,,,,,,,,,,,,,,,,,,,,,,,,,,,,,,,,,,,,,,,,,,,,,,,,,,,,,,,,
61,Harur,30362,,SAMPATHKUMAR.V,KEERTHANA.K,,,,,MURUGAN.R,MURUGAN.R,,,KUMAR.A,NOTA,,,SIVAKUMAR.A,,SATHISKUMAR.S,,,KARUTHOVIYAM.P,,,,,,,,,,CHINNASAMY.K,,,,,,,,,,,,,,,,,,,,,,,,,,,,,,,,,,,,,,,,,,,,,,,,,,,,,,,,,,,,,,,,,,,,,,,,,,,,,,
62,Chengam,11570,GIRI.M.P,NAINAKANNU.M.S,VENNILA.S,,,,,,VIJAYACHANDRAN.G,,,,NOTA,,ANBU.S,SHANMUGAM.G,,SUGANRAJ.S,,,,,,,,BASKAR.S,,,,,,,,,,,,,,,,,,,,,,,,,,,,,,,,,,,,,,,,,,,,,,,,,,,,,,,,,,,,,,,,,,,,,,,,,,,,,,,,,,,
63,Tiruvannamalai,94673,E V VELU,,J KAMALAKKANNAN,,,S THANIGAIVEL,ARUL R,A G PANCHATCHARAM,J JAMEEL BASHA,,,,NOTA,,,KOTHANDAPANI,,,,,,S K SELVAM,,,,R CHANDRAKANTH PILLAI,,,,,,,,,,,,,,,,,,,J AGNI SELVARASU,,,,,,,,,,,,,,,,,,,,,,,,,,,,,,,,,,,,,,,,,,,,,,,,,,,,,,,,,,,,,,,,
64,Kilpennathur,26787,K.Pitchandi,,Dr.R.Rameshbabu,,K.Selvakumar,,V.Suganantham,P.Kathikeyan,M.Murugan,,,,NOTA,,,SubashChandrabose,,,,,,A.R.Elumalai,,,,,,,,,,,Farmer Jayaraman,,,,,,A.Venkatesan,,,,,,,,,,N.Thangaraj,,,,,,,,,,,,,,,,,,,,,,,,,,,,,,,,,,,,,,,,,,,,,,,,,,,,,,,,,,,,
65,Kalasapakkam,9222,Saravanan.P.S.T,Panneerselvam.V,Balaji.E,,,,,,Tirunavukarasu.M,,,,NOTA,,Nehru.M,Rajkumar.E,,Rajendran.M.S,,,,Kalyanasundaram.A,,,,,,Sampath.R.V,,,,,,,,,,,,,,,,,,,,,,,,,,,,,,,,,,,,,,,,,,,,,,,,,,,,,,,,,,,,,,,,,,,,,,,,,,,,,,,,,
66,Polur,9725,SEKARAN. K.V,Agri KRISHNAMURTHY. S S,LAVANYA. L,,,,KALAVATHI. G,VIJAYAKUMAR. C,DAKSNAMOORTHY. R,,,,NOTA,,,Ezhilarasu. M,,,,,,,,,,,,,,,,,,,,,,,,,,,,,,,,,,,,,,,,,,,,,,,,,,,,,,,,,,,,,,,,,,,,,,,,,,,,,,,,,,,,,,,,,,,,,
67,Arani,3128,S.S.ANBALAGAN,S.RAMACHANDRAN,D.PRAKALATHA,,,,V.MANIGANDAN,,N.KARTHIKEYAN,,,,NOTA,,G.BASKARAN,K.ANBU,,,,,,S.THANIGAIVEL,,,,,,,,,,,,,,,,,,,,,,,,,,,,,,,,,,,,,,,,,,,,,,,,,,,,,,,,,,,,,,,,,,,,,,,,,,,,,,,,,,,,,,,
68,Cheyyar,12271,JOTHI. O,DUSI. K. MOHAN,BHEEMAN. G,,,,MAYILVAGANAN. T,VARADHARAJAN. M. K,SURESH BABU. T,,,,NOTA,,,VIJAYAKANTH. S,,,,,,KUTTIMANI. S,,,,NADARAJAN. B,,,,,,,,MANIKANDAN. M,,,,,,,,,,,,,,,,MARYVOILET. J,,,,,,,,,,,,,,,,,,,,,,,,,,,,,,,,,,,,,,,,,,,,,,,VENKATESAN .V,,,,,,,,,,,,
69,Vandavasi,35953,Ambethkumar S,,Prabavathi G,,Murali S,,Suresh S,Venkatesan P,Manikandan K,,,,NOTA,,,Arjunan M,,,,,,,,,,,,,,,,,,Durai B,,,,,,,,,,,,,,,,,,,,,,,,,,,,,,,,,,,,,,,,,,,,,,,,,,,,,,,,,,,,,,,,,,,,,,,,,,,
70,Gingee,35803,MASTHAN K S,,SUGUMAR AP,,RAJENDIRAN P,,SRIPATHI P,GOWTHAM SAGAR A,GOPI S,,,,NOTA,,,JAGAJANANDAM  R,,,,,,,,,,,,ELUMALAI N A,,,,,,,,,,,,,,,,,,,,,,,,,,,,,,,,,,,,,,,,,,,,,,,,,,,,,,,,,,,,,,,,,,,,,,,,,,,,,,,,,
71,Mailam,2230,Dr. MASILAMANI R,,UMAMAHESWARI L,,SIVAKUMAR C,,,,MASILAMANI V,,,,NOTA,,SUNDARESAN A,DURAI M,,,,,,,,,,,,,,,,,,,MANAVALAN A,,,,,,,,,,,,,,,,,,,,,,,,,,,,,,,,,,,,,,,,,,,,,,,,,,,,,,,,,,,,,,,,,,,,,,,,,,
72,Tindivanam,9753,SEETHAPATHY P,ARJUNAN P,PACHIMUTHU P,,,,POYATHU @ ANBIN POYYAMOZHI S,,THAMBIRAJ A,,,,NOTA,,CHANDRALEKHA K,GOVINDASAMY A,,,,,,,,,,,,ILAVARASAN K,,,,,,,,,,,,,,,,,,,,,,SETTU M,,,,,,,,,,,,,,,,,,,,,,,,,VISWANATHAN S A,,,,,,,,,,,,,,,,,,,,,,,MOHAN A,,,,,,,,,,,
73,Vanur,21727,,CHAKRAPANI M,LATCHOUMY M,,,,SANDOSHKUMAR M,,SAKTHIVEL S,,VANNI ARASU,,NOTA,,GANAPATHI P M,VINAYAGAMURTHY M,,,,,,,,,,,,,,,,,,,,,,,,,,,,,,,,,,,,,,,,,,,,,,,,,,,,,,,,,,,,,,,,,,,,,,,,,,,,,,,,,,,,,,,,,,,,,
74,Villupuram,14868,LAKSHMANAN R,SHANMUGAM C Ve,SELVAM J,,,,DASS K,BALASUNDARAM R,SHANMUGAM A,,,,NOTA,,,SIVABALAN N,,,,,,DEVANATHAN N,,,,,,MOHAMED IBRAIM A,,,,,,,,,,,,,,,,,,,,,DURAISAMY D,VICTOR A S,,,,,,,,,,,,,,,,,,,,,,,,,,,,,,,,,,,,,,,,,,,,,,,,,,,,,,,,,,,
75,Vikravandi,9573,PUGAZHENTHI N,MUTHAMILSELVAN R,SHEEBA ASHMI R,,,,,IYYANAR R,RAGHUPATHY P,,,,NOTA,,,ARUMUGAM C,,SENTHIL R,,,,,,,,,,,,,,,,,,,,,,,,,,ELANGOVAN S,RAJIVGANDHI P,,,,,,,,,,,,,,,,,,,,,,,,,,,,,,,,,,,,,,,,,,,,,,,,,,,,,,,,,,,,,,,,
76,Tirukkoyilur,59680,K.PONMUDY,,MURUGAN S,,,VAT.KALIVARADHAN,,,VIGNESH M,,,,NOTA,,L.VENKATESAN,SIVA.PANJAVARNAM,,SENTHILKUMAR M,,,,SANKAR S,,,,,,,,,,,,,,,,,,,,,,,RAJINI VR,,,,,,,,,,,,,,,,,,,,,,,,,,,,,,,,,,,,,,,,,,,,,,,,,,,,,,,,,,,,,,,,
77,Ulundurpettai,5256,MANIKANNAN A J,KUMARAGURU R,Pushbamary L,,,,CHINNAIYAN S,K.G.P.Rajamani,MANIKANNAN M,,,,NOTA,,,SATHIYAMOORTHY,,,,,DEEPA,MANI R,,,,,VENkATESAN M,,,,,,,,,,,,,,,,,,,,,,,,,,,,,DHANAPAL P,,,,,,,,,,,,,,,,,,,,,,,,,,,,,,,,,,,,,,,,,,,KUMAR A,,,,,,,,,,
78,Rishivandiyam,41728,KARTHIKEYAN K,SANTHOSH S A,SURESH MANIVANNAN R,,,,SHANMUGASUNDARAM K,PRABHU S,MURUGAN K,,,,NOTA,,,VEERAN S,,,,,TAMILVANAN M,,,,,,,,,,,,,,NARAYANAN A,,,,,,,,,,VENKATRAMAN J,,,,RADHAKRISHNAN K,,,,,,,,,,,,,,,,,,,,,,,,,,,,,,,,,,,,,,,,,,,,,,,,,,,,,,,,,,,,
79,Sankarapuram,45963,UDHAYASURIYAN T,,RAJIYAMA B,,Dr.RAJA G,,,,ARUL P,,,,NOTA,,,Sakthivel S,,RAMESH G,,,,,,,,,,,,,,,,,VIMALAMARY S,MUJIBUR RAGIMAN M,,,,,,,,,,,,,,,,,,,,OVIYAR ANANDH C,,,,,,,,,,,,,,,,,,,ARUNKENNADI A P,,,,,,,,,,,,,,,,,,,,,,,,,,,,,,,,,,
80,Kallakurichi,25891,,Senthilkumar.M,Dravidamuthamilselvi.D,Manirathinem.K.I,,,,,Devimangayarkarasi.K,,,,NOTA,,Vijayakumar.N,Palanisamy.A,,Ayyasamy.M,,,Dinesh.M,,,,,,,,,,,,,,Kuppusamy.K,,,,,,,,,,,,,,,,,,,,,Oviyar Ananth,,,,,,,,,,,,,,,,,,,,,,,,,,,,,,,,,,,,,,,,,,,,,,,,,,,,,
81,Gangavalli,7361,"REKHA PRIYADHARSHINI,J.","NALLATHAMBI,A.","VINOTHINI,R.",,,,,"PANDIAN,A.","SARAVANAN,R.",,,,NOTA,,,"SELLAMMAL,V.M.","NAVAN,P.","PERIYASAMY,K.",,,,,,,,,,,,,,,,,,,,,,,,,,,,,,,,,,,,,,,,,,,,,,,,,,,,,,,,,,,,,,,,,,,,,,,,,,,,,,,,,,,,,,,,,,,
82,Attur,8257,"CHINNADURAI, K.","JAYASANKARAN, A.P.","KRISHNAVENI, S.",,,,"SIVAKUMAR, P.","MADHESWARAN, S.","ARUMUGAM, D.",,,,NOTA,,,"PERIYANNAN, M.",,,,,,,,,,,,"MATHESWARI, K.K.",,,"JANARTHANAM, A.",,,,,,,,,,,,,,,,,,,,,"SADHA SIVAM, R.",,,,,,,,,,,,,,,,,,,,,,,,,,,,,,,,,,,,,,,,,,,,,,,,,,,,,,,,,
83,Yercaud,25955,C. TAMILSELVAN,G. Chitra,Jothi,,,,,,D. MADESH,,,,NOTA,,C. KUMAR,P. Ramasamy,,T. Duraisamy,,,,,,,,,,,,,,,,,,,,,,,,,,,,,,,,,,,,,,,,,,,,,,,,,,,,,,,,,,,,,,,,,,,,,,,,,,,,,,,,,,,,,,,,,,,
84,Omalur,55294,,R.MANI,A.RAJA,RANGARAJAN MOHAN KUMARAMANGALAM,,,V.SRINIVASAN,K.K.MADHESWARAN,R.MURUGAN,,,,NOTA,,,N.V.THOMAS,,,,M.KARUNAKARAN,,,,,,,,,,,S.DHIVYA,,,,,,,,,,,,,,,,,,,,,,,,,,,,,,,,,,,,,,,,,,,,,,,,,,,,,,,,,,,,,,,,,,,,,,,,,,,,,,
85,Mettur,656,SRINIVASAPERUMAL.S,,MANIKANDAN.C,,SADHASIVAM.S,,ANUSUYA.P,,SELVAN,,,,NOTA,,RAMESH ARAVIND.M,,,,,,RASAPPAN.K,,,,,,,,,,THANGAVEL. K,,,BANUPRIYA.P,,,,,,,,,,,,,,,,,,,,,,,,,,,,,,,,,,,,,,,,,,,,,,,,,,,,,,,,,,,,,,,,,,,,,,,,,,,
86,Edappadi,93802,SAMBATHKUMAR. T,EDAPPADI PALANISWAMI. K,SHRI RATHNA,,,,THASAPPARAJ. D,POOKADAI SEKAR. N,KATHIRAVAN. V,,,,NOTA,,,JAMUNA. A,,,,MANIKANDAN. R,GUNASEKARAN. K.N,,,,,,,,,,MANI. C,,,,,,,,,,,,,,,,,,,,,SOCIAL WORKER ESWARI. P,,,,,,,,,,,,,,SURIYAMOORTHY. S,,,,,,,,,,,,,,,,,,,,,,,,,,,,,,,,,,,,,,,,,,,
87,Sankari,20045,"RAJESH, K.M.","SUNDARARAJAN, S.","SHOBANA, S.",,,,"SENGODAN, K.","CHELLAMUTHU, A.","BAKKIYAMANI, M.",,,,NOTA,,,,,,,,"SETTU, K.",,,,,,,,,,,,,"RAVIKUMAR, P.",,,,"SIVALINGAM, C.",,,,,,,,,,,,,,,,,,,,,,,,,,,,,,,,,,,,,,,,,,,,,,,,,,,,,,,,,,,,,,,,,,,,,,,
88,Salem (West),21499,RAJENDRAN. A,,NAGAMMAL. S,,ARUL. R,,THIYAGARAJAN. A,,THIYAGARAJAN. M,,,,NOTA,,ALAGAAPURAM R. MOHANRAJ,TAMIL SELVAN. S,,,,KARTHIKEYAN. J,KATHIRVEL. A,,SENTHILKUMAR. A,,,,,,,,VIJAYAKUMAR. R,,,,,,,MUTHUSAMY. R,,,,,,,,,,,,,,,,,,,,,,,,,,,,,,,,,,,,,,,,,,,,,,,,,,,,,,,,,,,,,,,,,,,,,,,
89,Salem (North),7588,R. RAJENDRAN,G.VENKATACHALAM,IMAYAESWARAN N,,,,R S GURU CHAKRAVARTHY,C NATARAJAN,A RAMESHKUMAR,,,,NOTA,,,S VELAN,,,,,S. BABU,,,,,,,,,,D.MURALI,,,,,,,,,,,,,,,,,,,,,VAATHIAR C MURUGAN,,M.P.PANNEER SELVAM,,,,,,,,,,,,M AHAMEDSHAHJAHAN,,,,,,,,,,,,,,,,,,,,,,,,,,,,,,,,,,,,,,,,,,,
90,Salem (South),22609,A.S.SARAVANAN,E.BALASUBRAMANIAN,S.MARIAMMA,,,,M.PRABU MANIKANDAN,SE.VENKATAJALAM,R.SUNDARAM,,,,NOTA,,,S.MURALI,,,,,,R.ELAVARASAN,,,,,R.VELMURUGAN,,,,S.RAJI,,,,,,,,SATHIYAPRIYA,,,,,,,,,,,,,M.SUNDAR,,,,,,,,,,,,,,,,,,,,,,,,,,,,,,,,,,,,,,,,,,,,,,,,,,,,,,,,,
91,Veerapandi,19895,"THARUN, A.K.","RAJAMUTHU, M.","RAJESHKUMAR, S.",,,,,"SELVAM, S.K.","MOHAN, V.",,,,NOTA,,,"CHINNANANN, M.",,"AMUTHA, R.",,,"MANI, M.","PRABAKARAN, P.",,,,,,,,,SATHIYAVANI,,,,,,,,,"MANIKANDAN, S.",,,,,,,,,,,,,,,,,,,,"MOHAN, P.",,,,,,,,,,,,,,,,,,,,,,,,,,,,,,,,,,,,,,,,,,,,,,,,,
92,Rasipuram,1952,MATHIVENTHAN M,SAROJA V. Dr,SILAMBARASI K,,,,,ANBALAGAN S,MUNIYAPPAN M,,,,NOTA,,,VIJAYA K,,RAMKUMAR R,,,,,,,,,,,,,,,,CHINNUSAMY P,,,,ARULMOZHIDEVAN P,,,,,,,,,,,,,,JAYANTHI M,,,,,,,,,,,,,,,,,,,,,,,,,,,,,,,,,,,,,,,,,,,,,,,,,,,,,,,,,
93,Senthamangalam,10493,PONNUSAMY K,CHANDRAN S,ROHINI T,,,,,CHANDRAN P,CHANDRASEKARAN C,,,,NOTA,,,,,SELVARAJ V,,,,,,,,,,,,,,,,,,,,,,,,,,,,,,,,,,,,,,,,,,,,,,,,,,,,,,,,,,,,,,,,,,,,,,,,,,,,,,,,,,,,,,,,,,,
94,Namakkal,27861,RAMALINGAM P,BASKAR K.P.P.,BASKAR B,,,,ADHAM FAROOK S,,ARUL SELVAN,,,,NOTA,,SELVI K,RAMASAMY P,,,,,MADHESWARAN A.S,,,SIVAKUMAR D,,,,,,,,,,KANAKARAJ K,,,RAMESH T,TAMIZHVANAN K,,,,,THIYAGARAJAN R,,SARAVANAN S,,,,,,,,,SARAVANAN A,,,,,,,,,,SELVAKUMAR E,,,,,,,,,,,,,,,,,,,,,,,,,,,,,,,,,,,,,,,,,,,,,
95,Paramathi-Velur,7662,MOORTHIY K S,SEKAR S,UVARANI K,,,,NATARAJAN K,SAMINATHAN P P,SEKAR R,,,,NOTA,,,RAMAN V,,,,,,,,,,,,,,,,,,MANI K,,,,,,,,SUNDARAM S,,,,,,,,,,,,,,,,,,,,,,,,,,,,,,,,,,,,,,,,,,,,,,,,,,,,,,,,,,,,,,,,,,,
96,Tiruchengodu,2862,ESWARAN E R,SARASWATHI PON,NATARAJAN P,,,,JANAGARAJ R,HEMALATHA R,SHANMUGASUNDARAM T,,,,NOTA,,,,,,,,KALAIVANAN A,,,,,,,,,,,,,,,,SENGOTTUVELLU N,SIVAKUMAR K,CHINNATHAMBI K,,,,,,,,,,,,,,,,,,,,,,,,,,,,,,,YUVARAJKUMAR K,,,,,,,,,,,,,,,,,,,,,,,,,,,,,,,,,,,,,,,
97,Kumarapalayam,31646,M.VENKATACHALAM,THANGAMANI.P,S.VARUN,,,,K.KAMARAJ,,OMMSHARRAVANA.S,,,,NOTA,,K.R.SIVASUBIRAMANIYAN,,,,,,,,,,,,SUBRAMANI.S,,,,,,,,,,,,,,,,,,,,,,,,,R.KUMAR,,,,,,,,,,,,R.KUMARESAN,,,,,,,,,,,,,,,,,,,,,,,,,,,,,,,,,,,,,,,,,,,,,
98,Erode (East),8904,,"YUVARAJA,M.","GOMATHI,S.","THIRUMAHAN EVERAA,E.",,,"RAJAKUMAR,A.M.R","MUTHUKUMARAN,S.A.","MEENAKSHI,V.",,,,NOTA,,,"GOVINDARAJ,S.",,,,,,,,,,,,,,,,,,,,,,,,,,,,,,,,,,,,ARUMUGA AC KANNAN,,,,,,,,,,,,,,"SHANMUGAVEL,S.",,,,,,,,,,,,,,,,,,,,,,,,,,,,,,,,,,,,"RAJA,P.",,,,,,,
99,Erode (West),22089,Muthusamy S,Ramalingam K V,Chandra kumar P,,,,Durai Sevugan,Sivasubramaniyan S,Vimala M,,,,NOTA,,,Dhanalakshmi A,,,,,,,,,,,,,,,,,,Madhan K,,,,,,,,Thangavel G,,,,,,,,,,Chandran M,,,,,,Balasubramaniam K,,,,,,,,,,,,,,,,,,,,,,,,,,,,,,,,,,,,,,,,,,,,,,,,,,,
100,Modakkurichi,281,SUBBULAKSHMI JEGADEESAN,,PRAKASH.G,,,SARASWATHI.C,RAJESHKUMAR.M,THANGARAJ.D,SAMI KANDHASAMY,,,,NOTA,,,BOOPATHI.R,,,,,MAHESWARAN .A,,,,,,,,,,,,,MANICKAM.R,,,,,,,,,,,,,,,,,,,,,,,,MANI.P,,,,,,,,,,,,RAMESH.M,,,,,,,,,,,,,,,,,,,,,,,,,,,,,,,,,,,,,,,
101,Dharapuram,1393,KAYALVIZHI N,,RANJITHA K,,,MURUGAN L,CHARLI A,KALARANI C,KAYALVIZHI K,,,,NOTA,,,RANGASAMY S,,,,,,,,MUNIYAPPAN A,,,,,,,,,,,,,,,,,,,,,,,,,,,,,,,,,,CHIDAMBHARAM V,,,,,,,,,,,,,,,,,,,,,,,,,,,,,,,,,,,,,,,,,,,,,,,,,,,
102,Kangayam,7331,SAMINATHAN.M.P,RAMALINGAM.A.S,SIVANANTHAM.K,,,,,RAMESH.C,APPASAMY.R,,,,NOTA,,,AYYAVU.N,,,,,,,,MANOHARAN.S,,,,,,,,,,,,,,,,,,,,,,,,,,,,,,,,,,,,,,,,,,,,,,,,,,,,,,,,,,,,,,,,,,,,,,,,,,,,,,,,,,,,,
103,Perundurai,14507,KKC BALU,"JAYAKUMAR, S.","LOGANATHAN, C.",,,,"NANDHAKUMAR, C. K.",,THOPPU VENKATACHALAM (A) N.D .VENKATACHALAM,,,,NOTA,,"KULANDAIVEL, P. R.","THAMBI, M.",,,,,,,,"VELUSAMY, P.",,,,,"DHAKSHINAMURTHI, K. S.",,,,,,,,,,,"PRABAKARAN, D.",,,,,,,,,,,,,,,,,,,,,,,,,,,,,,"RAMESH, M.",,,,,,,,,,,,,,,,,,,,,,,,,,,,,,,,,,,,,,,
104,Bhavani,22523,DURAIRAJ.K.P,KARUPPANAN.K.C,SATHYA.M,,,,SADHANANDHAM.K,RADHAKRISHNAN.M,SATHEESH KUMAR.P,,,,NOTA,,,GOPAL.M,,,,,,,,,,,,,,,,,,,,,,JANARTHANAM.R.P,,,,,,,,,,,,,,,,,,,,,AMMASAI.K,,,,,,,,,,,,,,,,,,,,,,,,,,,,,,,,,,,,,,,,,,,,,,,,,,
105,Anthiyur,1275,VENKATACHALAM.A.G,SHANMUGAVEL.K.S,SARAVANAN.M,,,,GURUNATHAN.M,SELVAM.S.R,POORNACHANDRAN.S,,,,NOTA,,,PATTAN.G,,,,,,,,,,,,,,,,,,RAJENDRAN.K,,,PRATHABAN.A,,,,,,,,,,,,,,,,,,,,,BAKKIYAM.M,,,,,,,,,,,,,,,,,,,,,,,,,,,,,,,,,,,,,,,,,,,,,,,,,,,
106,Gobichettipalayam,28563,MANIMARAN G.V,SENGOTTAIYAN K.A,SEETHALAKSHMI M.K,,,,PRAKASH N.K,THULASIMANI N.K,MOHANRAJ K,,,,NOTA,,,PALANISAMY P,,,,,,,,,,,,,,,,,,,,,,,,,,,,,,,,,,,,,,,,,,SAKTHIVEL G,,,,,,,,,,,,,,,,,,,,,,,,,,,,,,,,,,,,,,,,,,,,,,,,,,,
107,Bhavanisagar,16008,,A.Bannari,V.SANGEETHA,,,,KARTHIKKUMAR.K,,,P.L SUNDARAM,,,NOTA,,RAMESH.G,G.SAKTHIVEL,,,,,,,,,,,,,,,,,,,,,,,,,,,,,,,,,,,,,,,,,,,,,,,,,,,,,,,,,,,,,,,,,,,,,,,,,,,,,,,,,,,,,,,,,,,,,
108,Udhagamandalam,5348,,,"JAYAKUMAR, A.","GANESH, R.",,"BHOJARAJAN, M.","Dr.SURESH BABU, S.","LAKSHMANAN, T.","AROKIYANATHAN, B.",,,,NOTA,,,,,,,,,,,,,,,,,,,,,,,,,,,,,,,,,,,,,,,,,,,,,,,,,,,,,,,,,,,,,,,,,,,,,,,,,,,,,,,,,,,,,,,,,,,,,,,,
109,Gudalur,1945,"KASILINGAM, S.",PON.JAYASEELAN,"KETHEESWARAN, R.",,,,"BABU, J.",,"SARAVANAN, M.",,,,NOTA,,"YOGESWARAN, A.",,,,,,,,,,,,,,,,,,,,,,,"JAYAPRAKASH, P.",,,,,,,,,,,,,,,,,,,,,,,,,,,,,,,,,,,,,,,,,,,,,,,,,,,,,,,,,,,,,,,,,,,,,,,
110,Coonoor,4105,"Ramachandran, K.","Vinoth, D.","Lavanya, M.",,,,"Rajakumar, H.B.","Kalaiselvan, S.","Jayaprakash, D",,,,NOTA,,,,,,,,,,"Arumugam, R.",,,,,,,,,,,,,,,,,,,,,,,,,,,,,,,,,,"Prabhu Inbadass, S.",,,,,,,,,,,,,,,,,,,,,,,,,,,,,,,,,,,,,,,,,,,,,,,,,,,,
111,Mettuppalayam,2456,SHANMUGASUNDARAM T R,SELVARAJ A K,YASMIN K,,,,,SARAVANAN P,SRINIVASAN S,,,,NOTA,,,,,,,,,MAHESHWARAN K,,,,,,,,,,,,,,,,,,,,,,,,,,,,,,,,,,,,,,,,,,,,,,,,,,,,,,,,,,,,,,,,,,,,,,,,,,,,,,,,,,,,,,,
112,Avanashi,50902,ATHIYAMAAN RAJU,"DHANAPAL, P",SHOBA,,,,"VENKATESWARAN, A",,"RANGASAMY, P",,,,NOTA,,"MEERA, K","DURAISAMY, P",,,,,,,,,,,,,,,,,,,,,,,,,,,,,,,,,,,,,,,,,,"SUBRAMANI, K",,,,,,,,,,,,,,,,,,,,,,,,,,,,,,,,,,,,,,,,,,,,,,,,,,,
113,Tiruppur (North),40102,,VIJEYAKUMAR.K.N,EASWARAN.S,,,,SIVABALAN.S,,RANGASAMY.M,RAVI (Alias) SUBRAMANIAN . M,,,NOTA,,SELVAKUMAR.M,CHANDRASEKARAN.R,,,,,,,,SENTHILKUMAR.V,,,,ALAGHUSUNDARAM.P,,,,,,,,,,,,,,,,,,,,,,,,,,,,,,,,,,,,,,,,,,,,,,,,,,,,DEIVASIGAMANI.K,,,,,,,,,,,,,,,,,,,,,,,,,,,,,
114,Tiruppur (South),4709,SELVARAJ. K.,GUNASEKARAN. S.,SHANMUGASUNDARAM. K.,,,,ANUSHA RAVI.,VISHALAKCHI. A.,PRAKASH. R.,,,,NOTA,,,CHELLAPANDY. P.,,,,ARUNKUMAR. G.,,,,DEIVEEGAN. K.,,,,,,,,,,,,,,,,,,,,,,,,,,,,,,,,,,,,,,,,,,,,,,,,,,,,,,,,,,,,,,,,,,,,,,,,,,,,,,,,,,,,,
115,Palladam,32691,MUTHURATHINAM K,ANANDAN M S M,SUBRAMANIAN S,,,,MAYILSAMY G,JOTHIMANI R,MUTHURATHINAM M,,,,NOTA,,,ANNADURAI R,,,,ANTONY MARIARAJ A,,,,SIVAKUMAR G,,,,THINAKARAN K,,,,,,,,,,,,,,UMANATH R,,,,,,,,,,,,,,,,,,,,,,,,,,,,,,,,,,,,,,,,,,,,,,,,,,,,,,,,,,,,,,,,,,,
116,Sulur,31932,PREMIER SELVAM (a)KALICHAMY M,KANDASAMY V.P.,ELANGOVAN. G,,,,RANGANATHAN. A,SENTHIL KUMAR. S.A.,PREM KUMAR P,,,,NOTA,,,,,,,,JAGADHEESH. S,,,,,,,,,,,,,NAGARAJ. K,,,,,,,,,,,,,,,,,,,,,,,,,,,,,,,,,,,,,,,,,,,,,,,,,,,,,,,,,,,,,,,,,,,,,,,,,,,
117,Kavundampalayam,9776,R.Krishnan,G.Arunkumar,Kalamani.M,,,,Pankaj Jain,Aruna.M,Pushpanantham.V,,,,NOTA,,,,,,,Siva.K,,,,,,Selvaraj.M,,,,,,,,,,,,,,,,,,,,,,,,,,,,,,,,,,,,,,,,,,,,,,,,,,,,,,,,,,,,,,,,,,,,,,,,,,,,,,,,,,,
118,Coimbatore (North),4001,SHANMUGASUNDARAM V.M,AMMAN K.ARJUNAN,Balendran C.B,,,,THANGAVELU R,APPATHURAI N.R,BALAMURUGAN M,,,,NOTA,,,,,,,DURAIRAJ K,,,,,,PANNEER SELVARAJ M,,,,,,,,,,,,,,,,,,,,,,,RAJKUMAR M.P,,,,,,,,,,,,,,,,,,,,,,,,,,,,,,,,,,,,,KANNAPIRAN V,,,,,,,,,,,,,,,,,,,,,,,
119,Thondamuthur,41630,KARTHIKEYA,S.P. VELUMANI,S. KALAIARASI,,,,S. SHAJAHAN,R.SATHISHKUMAR,A. MANSOOR ALI KHAN,,,,NOTA,,,,,,,,,,,,,,,,,,,,,M. BADRAN,,,,,,,,,,,,,,,,,,,,,,,,,,,,,,,,,,,,,,,,,,,,,,,,,,,,,,,,,,,,,,,,,,,,,,,,,,,
120,Coimbatore (South),1728,,,ABDUL WAHAB,MAYURA S JAYAKUMAR,,VANATHI SRINIVASAN,KAMALHAASAN,DURAISAMY @ CHALLENGER DURAI,SUNDARAVADIVELU,,,,NOTA,,,ROSHAN,,,,,,,,,,GOPALAKRISHNAN,,,,,,,,SANMUGAVEL,,,,,,,,,,,,,,,,,,,,,,,,,,,,,,VIVEK SUBRAMANIAM,,,,,,,,,,,,,VELLIMALAI,,,,,,,,,,,,,,,,,,,,,,,,,,,,RAGHUL GANDHI .K,,,,
121,Singanallur,10854,"Karthik, N","Jayaram, K.R","Narmadha, R",,,,"Mahendran, R","Selva, S.R","Nabas Sherif, M",,,,NOTA,,,,,,,,"Palanisamy, N",,,,,,,"Sasikumar, M",,,,,,,,,,,,,,"SenthilKumar, S",,,,,,,,,,,,,,,,,,,,,,,,,,,,,,,,,,,,,,,,,,,,,,,,,,,,,,,,,,,,,,,,,,,
122,Kinathukadavu,1095,Kuruchi Prabhakaran,Damodaran.S,Umajagadesh.M,,,,Siva.A,ROHINI MA.PA,Velusamy.V,,,,NOTA,,,,,,,,,Anbazhagan.G,,,,,,,,,,,,Mariappan.R,,,,,,James.S,,,,,,,,,,,,,,,,,,,,,,,,,,,,,,,,,,,,,,,,,,,,,,,,,,,,,,,,,,,,,,,,,,,,,
123,Pollachi,1725,"Dr. Varadharajan, K.",Pollachi V. Jayaraman,"Logeswari, N.",,,,"Sathieshkumar, V.T.","Sugumar, K.","Shanthu Mohamed, A.",,,,NOTA,,,"Aruchamy, C.M.",,,,,,,,,,,,,,,,,,,,,,,,,,,,,,,,,,,,,,,,,,,,,,,,,,,,,,,,,,,,,,,,,,,,,,,,,,,,,,,,,,,,,,,,,,,,,
124,Valparai,12223,,AMULKANDASAMI T K,KOHILA C,,,,SENTHILRAJ D,,RANGASAMY T M,ARUMUGAM M,,,NOTA,,MURUGARAJ M S,,,,,,,,,,,,,,,,,,,,,,,,,,,,,,,,,,,,,,,,,,,,,,,,,,,,,,,,,,,,,,,,,,,,,,,,,,,,,,,,,,,,,,,,,,,,,,
125,Udumalaipettai,21895,,"Radhakrishnan,K.","Babu Ranjendra Prasad,A.","Thennarasu,K.",,,"Srinithi,V.","Palanisamy,R.","Dhivya,D.",,,,NOTA,,,"Kumar,K.",,,,,,,,"Krishnan,T.",,,,,,,,,"Nachammal,K.",,,,,,,,,,,,,,,,,,,,,,,,,,,,,,,,,,,,,,,,,,,,,,,,,,,,,,,,,,,,,,,,,,,,,,,,,,,,
126,Madathukulam,6438,R.JAYARAMAKRISHNAN,C MAHENDRAN,U SANUJA,,,,K KUMARESAN,C.SHANMUGAVELU,G RAMAKRISHNAN,,,,NOTA,,,J.BENJAMIN KIRUBAKARAN,,,,,,,,K SAKTHIVEL,,,,,,,,,,,,,,,,,,,,,,,,,,,,,,,,,,,,,,,,,,,,,,,,,,,,,,,,,,,,,,,,,,,,,,,,,,,,,,,,,,,,,
127,Palani,30056,SENTHIL KUMAR I.P,RAVI MANOHARAN K,VINOTH RAJASEKARAN G,,,,POOVENDHAN T,VEERAKUMAR V,SUDHA R B,,,,NOTA,,,NACHIMUTHU S,,,,,THANGAVEL B,,,,,,,,,,,,,,,,,,,,,,,SIVABALA MOORTHI K,,,,,,,,,,,,,,,,,,,,,,,,,,,,,,,,,,,,,,,,,,,,,,,,,,,,,,,,,,,,,,,,,
128,Oddanchatram,28742,SAKKARAPANI R,NATARAJ N.P,SAKTHI DEVI T,,,,ABDUL HADI A,,MARIMUTHU T.S,,,,NOTA,,SIVA KUMAR M,MURUGARAJ P,,,,,RAVICHANDRAN K,,RAVI M,,,,,,,,,,,,,,,,,,,,,,,,,,,,,,,,,,,,,,,,,,,,,,,,,,,,,,,,,,,,,,,,,,,,,,,,,,,,,,,,,,,,,,
129,Athoor,135571,PERIYASAMY I,,SIMON JUSTIN A,,THILAGABAMA M,,SIVASAKTHIVEL P,SELVAKUMAR P,SAVADAMUTHU A,,,,NOTA,,,KARTHIGAISELVAN K,SILAMBARASAN M,,,,JEYASEKARAN R,,RAGUPATHI P,MUTHULAKSHMI R,,,,,,,,,,,,,,,,,,,,,,,,,,,,,,,,,,,,,,,,,,,,,,,,,,,,,,,,,,,,,,,,,,,,,,,,,,,,,,,,,,,,,
130,Nilakkottai,27618,K.Murugavelrajan,S.Thenmozhi,G.Vasanthadevi,,,,Ananth,,P.Nagajothi,,,,NOTA,,K.Ramasamy,P.Nagendran,V.K.Aiyyar,,,,V.Revadhi,,,,,,,,,,,,,,,,,,,,,,,,,,,,,,,,,,,,,,,,,,,,,,,,,,,,,,,,,,,,,,,,,,,,,,,,,,,,,,,,,,,,,,,,
131,Natham,11932,M.A.ANDI AMBALAM,NATHAM.R.VISWANATHAN,DOCTOR.V.SIVASANKARAN,,,,,N.RAJA,S.JEYAKUMAR,,,,NOTA,,,P.ANDISAMY,,R.A.SARANRAJ,,,V.VEMBARASAN,,,,,,,,,,,,,,,,,,,,,,,,,,,,,,,,,,,,,,,,,,,,,,,,,,,,,,,,,,,,,,,,,,,,,,,,,,,,,,,,,,,,,,,,
132,Dindigul,17747,,SREENIVASAN.C,JAYASUNDAR.R,,,,RAJENDRAN.R,RAMUTHEVAR.P,BALASUBRAMANI.K,,,PANDI.N,NOTA,,,ARASUR MANOHARAN.S,MURUGESAN.A,,,,AKKAMMAL.S,,SIVAGANAM.A,KARTHIKEYAN.V,,,,,,,,,,,,,,,,,,,,,,,,,,,,,,,,,,,,,,,,,,,,,,,,,,,,,,,,,,,,ALAGU PANDIAN.R,,,,,,,,,,,,,,,,,,,,,,,,,
133,Vedasandur,17553,GANDHIRAJAN S,PARAMASIVAM V P B,POTHUMANI R,,,,VETRIVEL S,RAMASAMY P,PALANICHAMY B,,,,NOTA,,,,,,,,KARTHIKEYAN A,,,,,,,,,,,,,MURUGESAN K,,,,,,,,,KALIMUTHU V,,,,,,,,,,,,,,,,,,,,,,,,,,,,,,,MANEESHANKAR M G,,,,,,,,,,,,,,,,,,,,,,,,,,,,,,,,,,,
134,Aravakurichi,24816,ELANGO. R,,ANITHA PARVEEN. M,,,ANNAMALAI. K,MOHAMMED HANEEF SHAHIL. K. S,THANGAVEL.  P. S. N,SARAVANAN. P,,,,NOTA,,,SUNDARARAJ. R,,,,RAJKUMAR. R,,,,,,,,,,,,,,,,,,,,,,,MOHANRAJ. C,,,,,,,,,,,,,,,,,,,,,,,,,,,,,,,,,,,,,,,,,,,,,,,,,,,,,,,,,,,,,,,,,,
135,Karur,12448,SENTHILBALAJI V,VIJAYABHASKAR. M.R,KARUPPAIYA.R,,,,MOHANRAJ.S,,RAVI.P,,,,NOTA,,THANGARAJ.N,AADHIKRISHNAN.P,,,,,,,,,,,,,JOSEPH.M.A,,,,,DHANALAKSHMI.M,,,,,,,,,SHANMUGAM.N,,,,,,,,,,,,,,,,,,,,,,,,,,,,,,,,,,,,,,,,,,,,,,,,,,,,,,,,,,,,,,,,,,
136,Krishnarayapuram,31625,SIVAGAMA SUNDARI.K,MUTHUKUMAR,ILAKIYA.R,,,,SARAVANAN.V,,SIVAKUMAR. O,,,,NOTA,,KATHIRVEL.M,MURUGESAN.R,ASHOKAN.P,,,,CHANDRA.P,,,,,,NARAYANAN.KR,,,,,,,,,,,,,,,,RAJAGURU. M,,,,,,,,,,,,,,,,,,,,,,,,,,,,,,,,,,,,,,,,,,,,,,,,,,,,,,,,,,,,,,,,,,
137,Kulithalai,23540,R.Manickam,N.R.Chandrasekar,Seeni.Prakasu,,,,,V.Nirosha,R.Saravanan,,,,NOTA,,,P.Anbalagan,,S.Manikandan,,,,,,,,,,,,,,,,,,,,,,,A.Subethar,,M.Sankar,,,,,,,,,,,,,,,,,,,,,,,,,,,,,,,,,,,,,,,,,,,,,,,,,,,,,,,,,,,,,,,,,,
138,Manapparai,12243,ABDUL SAMAD P,CHANDRASEKAR.R,KANIMOZHI.P,,,,,,CHANDRASEKAR V,,,,NOTA,,KRISHNAGOPAL P,,,UMARANI K,,,,,,,,,SAKTHIVEL.M,,,,,,,,,,,,,,,,,,,,,,,,,,,,,VARADAN.M,,,,,,,,,,,,,,,,,,,,,,,,PANDIAN V,,,,,,,,,,,,,,,,,,,,,,,,,,,,,
139,Srirangam,19915,Palaniyandi.M,KuPa Krishnan,K.Selvarathi,,,,,Sarubala.R.Thondaiman,Y.Jacob,,,,NOTA,,,G.Selvakumar,,S.Francis Mery,,,,,,,,,,,Annalakshmi,,,,,,,,,,,,,,P.Balasubramanian,,,,,,Daniel Jude Martin,,,,,,,,,,,,,,,,,,,,,,,,,,,,,,,,,,,,,,,,,,,,,,,,,,,,,,,,,,,,
140,Tiruchirappalli (West),85109,"Nehru, K.N.","Padmanathan, V.","Vinodh, V.",,,,"Abubacker Siddiq,  M.",,"Sudha, R.",,,,NOTA,,,,,,"Abdullah Hassan Faizy, R.",,,,,,,,,,,,,,,,,,,,,,,,,,,,,,,,,,,,,,,,,,,,,,,,,,,,,,,,,,,,,,,,,,,,,,,,,,,,,,,,,,,,,,,,,,
141,Tiruchirappalli (East),53797,"INIGO IRUDAYARAJ,S.","VELLAMANDI NATARAJAN,N.","PRABU,R.",,,,"VEERASAKTHI,D.",MANOHARAN.R.,"RAJA,S.",,,,NOTA,,,,,,,,,,,,,,,,,,,,,,,,,,,,,,,,,,,,,,,,,,,,,,,,,,,,,,,,,,,,,,,,,,,,,,,,,,,,,,,,,,,,,,,VIJAIA MOHANAAJI,,,,,,,,,
142,Thiruverumbur,49697,ANBIL MAHESH POYYAMOZHI,P KUMAR,V CHOLASOORAN,,,,MURUGANANDAM M,,JESTIN RAJA,,,,NOTA,,S.  SENTHILKUMAR,MALATHI RAVICHANDRAN,,,,K.M. KARTHIK,,K. PALANISAMY,,,,S.SAKTHIVEL,,,,,,,,,,,,,,,,,,,,,,,,,,,,,,,,,,,,,,,,,,,,,,,,,,,,,,,,,,,,,,,,,,,,,,,,,,,,,,,,,,,
143,Lalgudi,16949,A.SOUNDARAPANDIAN,D.R.DHARMARAJ,I.MALAR TAMIL PRABHA,,,,,M.VIJAYAMURTHY,U.JOHNSON,,,,NOTA,,,,P.NAMBIRAJAN,,,,,,,,,,,,,,,,,,R.SILAMBARASAN,,,,,,,,K.KAMARAJ,,,,,,,,VEERAN.MUTHUKUMAR,,,,,,,,,,,,,,,,,,,,,,,,,,,,,,,,,,,,,,,,,,,,,,,,,,,,,,,,,,
144,Manachanallur,59618,S. KATHIRAVAN,M. PARANJOTHI,Dr. KRISHNASAMY. V,,,,R. SAMSON,M. RAJASEKHARN,V.M. SELVARAJ,,,,NOTA,,,V. INDIRANI,M. DHINAKARAN,,,T. RENGARAJ,P. JAGADEESAN,,,,,,,,,,,,,,,,,,,,,,K. GURUNATHAN,,,,,,S. ROHINI,,,,,,,,,,,,,,,,,,,,,,,C. ARULMANI,,,,,,,,,,,,,,,,,,,,,,,,,,,,,,,,,,,,,
145,Musiri,26836,N. Thiyagarajan,M. Selvarasu,Sridevi Ilangovan,,,,S. Gokul,,N. Sivakumar,,,,NOTA,,Kumar.K.S,V. Bernardshaw,,,,,,,,,,,,,,,,,,,,,,,,,,,D. Dharmalingam,,,,,,,,,,,,,,,,,,,,,,,,,,,,,,,Gautham. S,,,,,,,,,,,,,,,,,,,,,,,,,,,,,,,,,,,
146,Thuraiyur,22071,S.STALINKUMAR,T.INDRAGANDHI,R.TAMILZHSELVI,,,,T.N. YUVARAJAN,K.SUBRAMANIAN,S.KARUPPIAH,,,,NOTA,,,S.ESWARAMOORTHY,K.GUNASEKARAN,,,,,,,,,,,,,,,,,,,,,,,,,,M.MALARMANNAN,,,,,,,,,,,,,,,,,,K.JAYAKKANNAN,,,,,,,,,,,,,,,,,,,,,,,,,,,,,,,,,,,,,,,,,,,,,,,,
147,Perambalur,31034,"PRABHAHARAN, M.","THAMIZHSELVAN, R.","MAHESHWARI, M.",,,,,,"SATHISH, S.",,,,NOTA,,"RAJENDRAN, K.","RAJENDRAN, K.","RADHIKA, T.","SASIKALA, M.",,,,,,,,,,,,,,"GUNASEKARAN, A.",,,,,,,,,,,,,,,,,,,,,,,,,,,,,,,,,,,,,,,,,,,,,,,,,,,,,,,,,,,,,,,,,,,,,,,,,,,,,
148,Kunnam,6329,"SIVASANKAR, S.S.","RAMACHANDRAN, R.T.","ARUL, P.",,,,"SATHIK BASHA, A.S.","KAARTHIKEYAN, S.","SELVARAJU, R.",,,,NOTA,,,"PANDIYAN, S.",,,,,,,,,,"RAVANAN, M.",,,,,,,,,,,,,,,,,,,,,,,,,,,,,,,,,,,,,,,,,,,,,,,,,,,,,,,,,,,,,,,,,,,,,,,,,,,,,,,,,,,
149,Ariyalur,3234,CHINNAPPA K,RAJENDRAN S,SUGUNA KUMAR,,,,,DURAI.MANIVEL,RAMESH K,,,,NOTA,,,SAVARIANANDHAM V,,JAWAHAR P,,,,,,,,THANGA. SHANMUGA SUNDARAM,,,,,,,,,,,,,,,,,,,,,,,,,,,,,,,,,,,,,,,,,,,,,,,,,,,,,,,,,,,,,,,,,,,,,,,,,,,,,,,,,,,
150,Jayankondam,5452,KANNAN KA SO KA,,MAHALINGAM NEELA,,BALU K,,,SIVA J K,KESAVARAJAN V K,,,,NOTA,,,NEELAMEGAM K,,SORNALATHA @ LATHA G,,,,,,,,,,NATARAJAN A,,,,,,,,,,,,,,,,,,,,,,,,,,,,,,,,,,,,,,,,,,,,,,,,,,,,,,,,,,,,,,,,,,,,,,,,,,,,,,,,,
151,Tittakudi,21563,"GANESAN,  C.V.",,"KAMATCHI,  N.",,,"PERIYASAMY,  D.","PRABAKARAN,  R.",,"NATARAJAN,  M.",,,,NOTA,,"UMANATH,  R.","RAVICHANDRAN,  P.",,,,,,,,,,,,,"ARULDOSS,  E.",,,,,,,,,,,,,,,,,,,,,,,,,,,,,,,,,,,,,,,,,,,,,,,,,,,,,,,,,,,,,,,,,,,,,,,,,,,,,,,,
152,Vriddhachalam,862,,,N. Amutha,Radhakrishnan,Karthikeyan. J,,,,Stalin,,,,NOTA,,Premalatha Vijayakant,A. Ayyasamy,,R. Parthasarathi,,R. Kesavaperumal,,,Sathiyanathan,,,Sivasankar,,,,,,,,,,,,,,,,,,,,,,,,G. Pichamuthu,,,,,,,,,,,,,,,,,,,B. Arasi,,,,,,,,,,,,,,,,,,,,,,,,,,,,,,,,,,,,,,,,
153,Neyveli,977,SABA.RAJENDRAN,,RAMESH.K,,JAGAN.K,,,BAKTHARATCHAGAN.R,RAJENDRAN .B,,,,NOTA,,,KANAGARAJI.C,,ILANGOVAN.R,,,,,,,,,,,,,,,,,,,,,,,,,,,,,,,,,,,,,,,,,,,,,,,,,,,,,,,,,,,,,,,,,,,,,,,,,,,,,,,,,,,,,,,,,,,
154,Panruti,4697,VELMURUGAN.T,RAJENDRAN.R,SUBHASHINI.R,,,,JAYLANI,,VELMURUGAN.K,,,,NOTA,,SIVAKOZHUNDU.P,,,,,,,,,,,,,,,,,,,,,,,,,,,,,,,,,,,,,,,,,,,,,,,,,,,,,,,,,,,,,,,,,,,,,,,,,,,,,,,,,,,,,,,,,,,,,,
155,Cuddalore,5151,G.IYAPPAN,M.C.SAMPATH,JALADEEPAN.V,,,,K.ANANDRAJ,,J.JACOB,,,,NOTA,,A.GNANAPANDITHAN,R.VALLAL KUMAR,,,,S.PUSHBARAJ,,,,A.Mohamed Usman,,,,,S.V.RAJARAJAN,,,,,,,,,,,,,,,,,,,,,,,,,,,,,,,,,,,,,,,,,,,,,,,,,,,,,,,,,,,,,,,,,,,,,,,,,,,,,,,,
156,Kurinjipadi,17527,M.R.K.PANNEERSELVAM,SELVI RAMAJAYAM,S.SUMATHI,,,,,A.VASANTHAKUMAR,R.RAJESH,,,,NOTA,,,T.VELAYUDHAM,,,,,,,,,,,,R.MUTHUKRISHNAN,,,,,,,,,,,,,,,,,,,,,,,,,K.CHANDRAMOULI,,,,,,,,,,,,,,,,,,,,,,,,,,,,,,,,,,,,,,,,,,,,,,,,,,,,,,,,
157,Bhuvanagiri,8259,Saravanan. Durai.K,Arunmozhithevan. A,Rathinavel. R.,,,,,Balamurugan. K.S.K,Ranjith. R,,,,NOTA,,,Ezhilvendhan. R,,Revathi. R.,,,,,,,,,,,,,,,,,,,,,,,,,,,,,,,,,,,,,,,,,,,,,,,,,,,,,,,,,,,,,,,,,,,,,,,,,,,,,,,,,,,,,,,,,,,
158,Chidambaram,16937,,K.A. PANDIAN,NATARAJAN KRISHNAMOORTHY,,,,G. DEVASAGAYAM,M. NANTHINIDEVI,S. BALAMURUGAN,,,,NOTA,S. ABDUL RAHMAN,,D. CHANDRA PRABU,,,,,,,K. UDAYA SELVAN,,,,,,,,,,,,,,,,,,,,,,,,,,,,,,,,,,,,,,,,,,,,,,,,,,,,,,,,,,,,,,,,,,,,,,M. RAGHUNATHAN,,,,,,,,,,,,,,,,
159,Kattumannarkoil,10565,,N. MURUGUMARAN,P. NIVEDHA,,,,THANGA VIKRAM,S. NARAYANAMOORTHY,A. ANANDAN,,SINTHANAI SELVAN,,NOTA,,,THANGA UDHAYAKUMAR,,,,,,,,M. THIRUNAVUKARASU,,,,,,,,,,,,,,,,M.G. KALYANASUNDARAM,,,,,,,,,,,,,,,,,,,,,,,,,,,,,,,,,,,,,,,,,,,,,,,,,,,,,,,,,,,,,,,,,,,,,
160,Sirkazhi,12148,PANNEERSELVAM,P.V.BHARATHI,Kavitha,,,,PRABU,BALU,BARATHI,,,,NOTA,,,SRITHAR,,,,,,,,,,,,,,,,,Kamban,,,,,,,,,,,,,,,,,,,,,,,,,,,,,,,,,,,,,,,,,,,,,,,,,,,,,,,,,,,,,,,,,,,,,,,,,,,,
161,Mayiladuthurai,2742,,,Kasiraman.K,Rajakumar.S,Palanisamy.A,,Ravichandran.N,Anbarasan Komal R K,Rajendran.M,,,,NOTA,,,Shamsudeen.N,,,,Rajkumar.S,,,,,,,,,,,,,,,,,,,,,,,,,,,,,,,,,,,,,,,,,,,,,,,,,,,,,,,,,,,,,,,,,,,,,,,,,,,,,,,,,,,,,,,,,
162,Poompuhar,3299,Nivedha M. Murugan,S.Pavunraj,P. Kaliyammal,,,,M.H.Meharajdeen,S.Senthamizhan,S.Pandiyarajan,,,,NOTA,,,T. Ilanchezhian,,,,,,,,,,,,,,,,,,,,,,,,,,,,,,,,,,,,,,,,,,,,,,,,,,,,,,,,,,,,,,,,,,,,,,,,,,,,,,,,,,,,,,,,,,,,,
163,Nagapattinam,7238,,Thanka.kathiravan,S.Augustine Arputharaj,,,,Syed Anas Mohideen Sahip,C.Manjula,V. Manikandan,,J. Mohamed Shanavas,,NOTA,,,,,,,,,,,,,,,,,,,,,,,,,,,,,,,,Mayilarasi,,,,,,T. Singaravadivelan,,,,,,,,,,,,,,,,,,,,,,,,,,,,,,,J.V. Durai,,,,,,,,,,,,,,,,,,,,,,,,,,,
164,Kilvelur,16985,,,PONELAVAZHAKI  S,,VADIVEL RAVANAN  S,,SIDHU G,NEETHIMOHAN M,KALAISELVAN G,,,NAGAIMAALI V P,NOTA,,,TAMILARASAN U,MUTHALAGAN S,,,,,,,,,,,,,,,,,,,,,,,,,,,,,,,,,,,,,,,,,,,,,,,,,,,,,,,,,,,,,,,,,,,,,,,,,,,,,,,,,,,,,,,,,,,,
165,Vedaranyam,12329,S.K.VETHARATHINAM,O.S.MANIAN,K.RAJENDRAN,,,,MOHAMED ALI,P.S.ARUMUGAM,P.V.THEENATHAYALAN,,,,NOTA,,,R.PANNEERSELVAM,,,,,,,,,,,,,,,,,,,,,,,,,,,,,,,,,,,Dr.T.SUNDARAVADIVELAN,,,,,,,,,,,,,,,,,,,,,,,,,,,,,,,,,,,,,,,,,,,,,,,,,,,,,,,,,,
166,Thiruthuraipoondi,30068,,SURESH KUMAR C,AARTHI A,,,,,RAJANIKANTH S,PARAMASIVAM K,MARIMUTHU K,,,NOTA,,,,,,,,,,,,PARIVENTHAN D,,,,,,,,,,,,,,,,,,,,,,,,,,,,,,,,,,,,,,,,,,,,,,,,,,,,,,,,,,,,,,,,,,,,,,,,,,,,,,,,,,,,
167,Mannargudi,37393,RAJAA T R B,RAJAMANICKAM  SIVA,ARAVINDAN RAMA,,,,ANBANANDAM S,KAMARAJ S,KUMARESAN T,,,,NOTA,,,,SATHISKUMAR S,,,,,,,,,,,,,,,,,,,,,,,,,,,,,,,,,,,,,,,,,,,,,,,,,,,,,,,,,,,,,,,,,,,,,,,,,,,,,,,,,,,,,,,,,,,,
168,Thiruvarur,51174,KALAIVANAN  POONDI  K.,PANNERSELVAM A.N.R.,VINOTHINI R.,,,,KABILARASAN  P.,,PANNEERSELVAM J.,,,,NOTA,,,GOMATHI A.,THIYAGARAJAN  M.,,NASEEMA BANU M.A.,THIYAGASUNDARAM N.,,,,,,,,,,,,,,,,,,,,,,,,,,,,,,,,,,,,,,,,,,,,,,,,,,,,,,,,,,,,,,,,,,,,,,,,,,,,,,,,,,,,,,,,,
169,Nannilam,4424,JOTHIRAMAN  S,KAMARAJ R,FATHIMA FARHANA  S,,,,,RAMACHANDRAN   N,NATARAJAN  C,,,,NOTA,,,RAVICHANDRAN  R,,GANESAN  D,,,,,,,,,,MURUGAVEL  M,PANASAIARAGAN K N,,,,NITHIYANANTHAM  S,,,,,,,,,,,,,,,,,,,,,,,,,,,,,,,,,,,,,,,,,,,,,,,,,,,,,,,,,,,,,,,,,,,,,,,,,,,,
170,Thiruvidaimarudur,10680,"CHEZHIAAN,  GOVI.","UNION VEERAMANI, S.","DIVYA BHARATHI, M.",,,,,"KUDANTHAI ARASAN, J.","MARIMUTHU, G.",,,,NOTA,,,"PURATCHI MANI, M.",,"MADHANKUMAR, R.",,,,,"SURESH, R.",,,,"KANNAIYAN, T.",,,,,,,,,,,,,,,,,,,,,,,,,,,,,,,,,,,,,,,,,,,,,,,,,,,,,,,,,,,,,,,,,,,,,,,,,,,,,,,,,,
171,Kumbakonam,21383,"ANBALAGAN, G.","SRITHAR VANDAYAR, G.M.","ANANDH, M.",,,,"GOPALAKRISHNAN, G.","BALAMURUGAN, S.","GURUMOORTHI, D.",,,,NOTA,,,,,,,,,,,,,,,,,,,,,,,,,,,,,,,,,,,,,,,,,,,,,,,,,,,,,,,,,,,,,,,,,,,,,,,,,,,,,,,,,,,,,,,,,,,,,,,,
172,Papanasam,16273,"Dr.JAWAHIRULLAH, M.H.","GOPINATHAN, K.","KRISHNAKUMAR, N.",,,,"SHANTHA, K.","RENGASAMY, M.","GOPINATHAN, R.",,,,NOTA,,,,,,,,,,"MUTHUKUMAR, R.",,,,,,,,,,,,,,,,,"MEHRAJ BANU, N.",,,,,,,,,,,,,,,,,,,,,,,,,,,,,,,,,,,,,,,,,,,,,,,,,,,,,,,,,,,,,,,,,,,,,
173,Thiruvaiyaru,53650,DURAI.CHANDRASEKARAN,,"SENTHILNATHAN, D.",,,"VENKATESAN, S.",,"KARTHIKEYAN, V.","THIRUMARAN, P.S.",,,,NOTA,,,ASWIN,"UTHIRAPATHI, G.",,,,,,,"VIJAYAKUMAR, S.",,,,,,,,,"BACKIYARAJ, V.",,,,,,,,,,,,,,,,,,,,,,,,,,,,,,,,,,,,,,,,,,,,"SIVARAMAN, T.",,,,,,,,,,,,,,,,,,,,,,,,,,,,,,,,
174,Thanjavur,47149,"NEELAMEGAM, T.K.G.","ARIVUDAINAMBI, V.","SUBADEVI, R.",,,,"SUNDARAMOHAN, G.",,"VASUKI, N.",,,,NOTA,,"DR.RAMANATHAN, P.",,,,,,,,,,,,,,,,,"KARIKALA CHOLAN, S.",,,,,,,,,,,,,,,,,,,,,,,,,,,,,,,,,,,,,,,,,,,,"XAVIER, A.",,,,,,,,,,,,,,,,,,,,,,,,,,,,,,,,,
175,Orathanadu,28835,"RAMCHANDRAN, M.","VAITHILINGAM, R.","KANDHASAMY, M.",,,,"RENGASAMY, G.","SEKAR, M.","MOOKKAIYAN, V.",,,,NOTA,,,"STALIN, R.",,,,,,,"PRABAKARAN, U.",,,,,,,,,,,,,,,,,,,"THANRAJ, R.",,,,,,,,,,,,,,,,,,,,,,,,,,,,,,,,,,,,,,,,,,,,,,,,,,,,,,,,,,,,,,,,,,,
176,Pattukkottai,25269,"ANNADURAI, K.","RENGARAJAN, N.R.",KEERTHIKA ANBU,,,,"SADASIVAM, B.","SELVAM, S.D.S.","BALAKRISHNAN, V.",,,,NOTA,,,,,,,,,,"SUNDARRAJ, M.",,,,,"MEIKKAPPAN, T.",,,,,,,,,,,,,,,,,,,,,,,,,,,,,,,,,,,,,,,,,,,,,,,,,,,,,,,,,,,,,,,,,,,,,,,,,,,,,,,,,
177,Peravurani,23503,"ASHOKKUMAR, N.","THIRUGNANASAMBANDAM, S.V.","DELIPAN, K.",,,,,,"UTHAYAKUMAR, U.",,,,NOTA,,"SIVAKUMAR, M.","DURAIRAJ, G.",,"PACHAMUTHU, P.",,,,,,,,,,,,,,,,,,,,,,,,,,,,,,,,,,,,,,,,,,,,,,,,,,,,,,,,,,,,,,,,,,,,,,,,,,,,,,,,,,,,,,,,,,,
178,Gandarvakkottai,12721,,S.Jayabharathi,M.Ramila,,,,KRM.Adhidravidar,P.Lenin,V.Rethinam,,,M.Chinnadurai,NOTA,,,,,,,,,,,,,,P.Asaithambi,,,,,,S.Malarvizhi,,,,,,,,,,,,,,,M.Thanaraj,,,,,,,,,,,,,,,,,,,,,,,,,,,,,,,,,,,,,,,,,,,,,,,,,,,,,,,,,,,,,
179,Viralimalai,23598,PALANIAPPAN,VIJAYA BASKER C,AZHAGU MEENA P,,,,SARAVANAN R,KARTHI PRABHAKARAN O,DHANALAKSHMI.M,,,,NOTA,,,ALAGURAJA.V,ARUMUGAM P,,,,SENTHILKUMAR P,,,,,,,VIJAY A,,,,,,,,,,,,,,,,,,,,,,,,,,,,,,,,,,,,,,,,,,,,,,,,,,,,,,,,,,,,,,,,,,,,,,,,,,,,,,,,,
180,Pudukkottai,13001,V . MUTHURAJA,KARTHIK THONDAIMAN,SASIKUMAR,,,,S . MOORTHY,,DURAI GUNA,,,,NOTA,,M . SUBRAMANIAN,VENGADESHWARAN,,,,,KUMAR,,,,,,,,,,,,,,,,,,,,,,,,,,,M. SARAVANA DEVA,,,,,,,,,,,,,,,,,,,,,,,,,,,,,,,,,,,,,,,,,,,,,,,,,,,,,,,,,,,,,
181,Thirumayam,1382,S.REGUPATHY,P.K.VAIRAMUTHU,U.SIVARAMAN,,,,R.THIRUMENI,S.MUNIARAJU,K.SELVAKUMAR,,,,NOTA,,,,R.SIVAKUMAR,,,,S. GANDIPAN,,,,,,,S.PURACHIBALAN,,,,,,,,,,,,,,,,,,,,,,,,,,,,,,,,,,,,,,,,,,,,,,,,,,,,,,,,,,,,,,,,,,,,,,,,,,,,,,,,,
182,Alangudi,25847,SIVA.V.MEYYANATHAN,DHARMA THANGAVEL,C.THIRUCHELVAM,,,,N.VAIRAVAN,D.VIDANGAR,V.KANNADASAN,,,,NOTA,,,M.CHINNADURAI,,,,,P.BALAMURUGAN,,C.JAYA,,,,G.MANIMEGALAI,,,,,,,,,,,,,,,,,,,,,,,,,,,,,,,,,,,,,,,,,,,,,,,,,,,,,,,,,,,,,,,,,,,,,,,,,,,,,,,,,,
183,Aranthangi,30893,,RAJANAYAGAM M,HUMAYUN KABIR M I,RAMACHANDRAN T,,,SHAIK MOHAMED B,SIVASHANMUGAM K,VELRAJ. K P,,,,NOTA,,,JEEVA A,AMALADOSS SANDHIYAGU,,,,KUMARAPPAN B,,,,,,,,,,,,,,,,,,,,,,,,,,,,,,,,,,,,,,,,SAKTHIVEL K,,,,,,,,,,,,,,,,,,,,,,,,,,,,RAMALINGASWAMI ADIHITHAN. PPC,,,,,,,,,,,,,,,,,,,,
184,Karaikudi,21589,,,N.Durai Manickam,S.Mangudi,,H.Raja,S.Rajkumar,Dherpoki V Pandi,N.Meenal,,,,NOTA,,,N.Baluswamy,B.Vanitha,,,,,,,,,,,,,,,,,,Rajkumar.G,,,,,,,,,,,,,,,,,,,,,,,,,,,,,,,,,,,,,,,,,,,,,,,,,,,,,,,,,,,,,,,,,,,,,,,,,,
185,Tiruppattur,37374,KR.PERIYAKARUPPAN,MARUDHU ALAGURAJ,KOTTAIKUMAR,,,,,K.K.UMADHEVAN,C.PARAMASIVAM,,,,NOTA,,,,M.SARASWATHI,A.AMALAN SAVARIMUTHU,,,K.VEERAPANDIAN,,S.MURUGAN,,,,,,,,,,,,,,,,,,,,,,,,,,,,,,,,,,,,,,,,,,,,,,,,,,,,,,,,,,,,,,,,,,,,,,,,,,,,,,,,,,,,,,
186,Sivaganga,11253,,PR. Senthilnathan,R. Mallika,,,,Joseph. C,K. Anbarasan,P. Viswanathan,S. Gunasekaran,,,NOTA,,,,,,,,N. Pandimuthu,,Vadivel. C,,,,,,,,,,,,,,,,,,,,,,,,,,,,,,,,,,,,,,,,,,,,,,,,,,,,,,,,,,,,,,,,,,,,,,,,,,,,,,,,,,,,,,
187,Manamadurai,14091,Tamilarasi A.,Nagarajan S.,Shanmugapriya M.,,,,Sivasankari P.,Mariappankennady S.,Rajaiah  C.,,,,NOTA,,,,,,,,Rajendran A.,,Chandrasekar M.,,,,,,,,,,,,Muralitharan M.,,,,,,,,,,,,,,,,,,,,,,,,,,,,,,,,,,,,,,,,,,,,,,,,,,,,,,,,,,,,,,,,,,,,,,,,,,
188,Melur,35162,,PERIYAPULLAN @ SELVAM  P.,KARUPPUSAMY  P.,RAVICHANDRAN  T.,,,KATHIRESAN  K.,SELVARAJ  A.,PANDI  K.,,,,NOTA,,,,,,,,SENTHILRAJ  K.,,,,,,,,,,,,,,,,,,,,,,,,,,,,,,,,,,,,,,,,,,,,,,,,,,,,,,,,,,,,,,,,,,,,,,,,,,,,,,,,,,,,,,,,
189,Madurai East,49604,MOORTHY P,GOPALAKRISHNAN R,LATHA J,,,,MUTHUKRISHNAN I,SARAVANAN T,PALANIAMMAL P,,,,NOTA,,,,BALAMURUGAN A,,,,RAJA P,,MUTHU KRISHNAN M,,,,,,,,,,,,,,,,,,MUSTAK MOHAMED.A.K,,,,,,PRABAHARAN M,,,,,,,,,,,,,,,,,,,,,,,,,,,,,,,,,,,,,,,,,,,,,,,,,,,,,,,,,,,,,,
190,Sholavandan,17045,VENKATESAN A,MANICKAM K,SENGANNAN G,,,,YOGANATHAN S,,MOORTHI M,,,,NOTA,,JEYALAKSHMI M,,INDURANI S,,,,RAJKUMAR K,,,,,,ESWARI T,,,,,,,,,,,,,,,,,,,,SILAMBARASAN P,,,,,,,,,,,,,,,,,,,,,,,,,,,,,,,,,,,,,,,,,,,,,,,,,,,,,,,,,,,,,,
191,Madurai North,22916,THALAPATHI G,,ANBARASI S,,,SARAVANAN P,ALAGAR M,JEYAPAL M,NATARAJAN R,,,,NOTA,,,,,,,,,,,,,,,VASANTHAKUMAR S,,,,,,,,,,,,,,,,,,,,,,,,,,,,,,,,VOLTAIRE M J,,,,,,,,,,,,,,,,,,,,,,,,,,,,,,,,,,,,,,,,,,,,,,,,,
192,Madurai South,6515,BOOMINATHAN.M,SARAVANAN. S.S,ABBAS.M,,,,ESWARAN.G,RAAJALINGAM.SHA,SARAVANAN.R,,,,NOTA,,,,,,,,SADAM HUSSAIN.K,,,,,BHARATHI KANNAMMA. S,,,,,,,,,,,,,,,,,,,,,,,,,,,,,,,,,,,,,,,,,,,,,,,,,,,,,,,,,,,,,,,,,,,,,,,,,,,,,,,,,,,
193,Madurai Central,34176,PALANIVEL THIAGA RAJAN,JOTHI MUTHURAMALINGAM N,PANDIAMMAL J,,,,MANI B,,KREMMER SURESH,,,,NOTA,,,THAVAMANI A,,,SIKKANDAR BATCHA G S,,ESWARI M,,,,,,,,,,,,,,,,,,,,,,,,,,,,,,,,,,,,,,,,,,,,,,,,,,,,,,,,,,,,,,,,,,,RAJAKUMAR NAIDU E V S,,,,,,,,,,,,,,,,,,,,,
194,Madurai West,9121,CHINNAMMAL. C,RAJU. K,VETRIKUMARAN. C,,,,MUNIYASAMY. V,,RAMU. N,,,,NOTA,,BALACHANDRAN. P,,,,,NAGAJOTHI. K,,,,,,,,,,,,,,,SULTHAN BADUSHA. J,,,,,,,,,KARTHIKEYAN. R,,,,,,,,,,,,,,,,,,,,,,,,,,,,,,,,,,,,,,,,,,,,,,,,,,,,,,,,,,,,,,,,,
195,Thiruparankundram,29489,,"RAJANCHELLAPPA, V.V.","REVATHY, R.",,,,"BHARANIRAJAN, M.","DAVID ANNADURAI, K.","ARUMUGAM, V.",,,PONNUTHAI,NOTA,,,,,,,,"MURUGESAN, A.",,,,,,,,,,,,,,"SAVITHA, R.",,,,,,,,,,,,,"RAJAMANI, V.",,,,,,,,,,,,,,,,,,,,,,,,,,,,,,,,,,,,,,,"PALANIKUMAR, M.",,,,,,,,,,,,,,,,,,,,,,
196,Thirumangalam,14087,MANIMARAN M,UDHAYAKUMAR R B,SARAL M,,,,RAMKUMAR M,ATHI NARAYANAN K,VEERANAN S,,,,NOTA,,,,,,,,NIRMAL M,,,,,,,,,,,,,,,,,,,,,,,,,,,,,,,,,,MARIKANNAN A,ARUMUGAM K,,,,,,,,,,,,,,,,,,,,,,,,,,,,,,,,,,,,,,,,,,,,,,,,,,,,,
197,Usilampatti,7477,KATHIRAVAN P V,AYYAPPAN P,IYNDHUKOVILAN G,,,,,MAHENDRAN I,ARUMUGAM K,,,,NOTA,,,,THIRUSELVAM C,,,,BHARATH V,,,,,,,,,,,,,,,,,,,ARASUMAYAN M,,,,,,,,,,,,,,,,,,,,,,,,,,,,,,,,,,,,,,,,,,,,,,,,,,,,,,,,,,,,,,,,,,,,,
198,Andipatti,8538,A.MAHARAJAN,A.LOGIRAJAN,JEYAKUMAR,,,,S.GUNASEKARAN,R.JEYAKUMAR,VELMANI,,,,NOTA,,,S.KAMATCHI,,,,,M.KUMARAN,,C.KANIVEL,A.VELUCHAMY,,,,,,,,,,,,,,,,,,,,,,,,,,,,,,,BALAMURUGAN,,,,,,,S.GOVINDHARAJ,,,,,,,,,,,,,,,,,,,,,,,,,,,,,,,,,,,,,,,,,,,,,,,
199,Periyakulam,21321,K.S.SARAVANAKUMAAR,M Murugan,Vimala,,,,S.PANDIYARAJAN,Dr.K.Kathirkamu,MADHU BHARATHI,,,,NOTA,,,,,,,,S.Chinnamuthu,,,,,,,,,,,,,,,,,,,,,,,,,,,,,,,,,,,,,,,A.Murugesan,,,,,,,,,,,,,,,,,,,,,,,,,,,,,,,,,,,,,,,,,,,,,,,,,
200,Bodinayakanur,11021,THANGATAMILSELVAN,O.PANNEERSELVAM,M.PREM CHANDAR,,,,P.GANESH KUMAR,M.MUTHUSAMY,TAMILSELVAN,,,,NOTA,,,,,,,,ARUN KUMAR,,,S.KRISHNAVENI,,,,THENI.T.KARNAN,,,,,,,,,,,,,,,,,,,P.KARUPPIAH,,,,,,,,,,K.I.M HAKKEEM,,,,,,,,,,,,,,,,,,,,,,,,,,,,,,,,,,,,,,,,,,,,,,,,,,,,
201,Cumbum,42413,N.Ramakrishnan,Syedukhan.S.P.M,Anish Fathima. A,,,,Venkidesh.N,Suresh.P,MUTHU MUNEESWARAN.M,,,,NOTA,,,,,,,,Lal Bahdur Sasthri.V,,RADHAKRISHNAN.K,Pandi Selvam.R,,KATHIRAVAN.S,,,,,,,,,,,,,,,,,,,,,,,,,,,,,,,,,,,,,,,,,,,,,,,,,,,,,,,,,,,,,,,,,,,,,,,,,,,,,,,,,,,
202,Rajapalayam,3898,THANGAPANDIAN S.,RAJENTHRABHALAJI K.T,JEYARAJ V.,,,,VIVEKANANTHAN S.,KALIMUTHU K.,MANIKUMAR M.,,,,NOTA,,,,AYYAR V.K.,,,,,,,,,,,,,,,,,,,,,,DHARMALINGAM K.,,,,,,,,,,,,,,,,,,,,,,,,,,,,,,,,,,,,,,,,,,,,,,,,,,,,,,,,,,,,,,,,,,,,,,
203,Srivilliputhur,12738,,"MANRAJ, E.M.","ABINAYA, B.","MADHAVARAO, P.S.W.",,,"GURUVAIYA, K.","SANGEETHAPRIYA, S.","MUTHULAKSHMI,R.",,,,NOTA,,,,"SHANTHI, S.",,,"IRULANDI, Dr. V.","VEERAPANDI, K.",,"PANDIYARAJ, K.",,,,,,,,,,,,,,,,,,,,,,,,,,,,,,,,,,,,,,,,,,,,,,,,,,,,,,,,,,,,,,,,,,,,,,,,,,,,,,,,,,,,,,
204,Sattur,11179,"RAGHURAMAN,  A.R.R.","RAVICHANDHRAN, R.K.","PANDI, K.",,,,,"RAJAVARMAN, M.S.R.","SARAVANAKUMAR, M.",,,,NOTA,,,,"MARIKANNAN, G.","BHARATHI, M.",,,"RAJKUMAR, R.","JEYAGANESH, K.","ANGUSAMY,  S.",,,,,,,,,,,,,,,,,,,,,,,,"PALANICHAMY, P.",,,,,,,,,,,,,,,"SUBBURAMAN, P.",,,,,,,,,,,,,,,,,,,,,,,,,,,,,,,,,,,,,,,,,,,,,,,
205,Sivakasi,17319,,Lakshmi Ganesan,Kanagapriya.R,Ashokan.G,,,Mugunthan.S,Samikkalai.G,LAKSHMANAN.E,,,,NOTA,,,Ananthalakshmi,,,,,KALYANASUNDARI.M,KANNAN.K,KARUPPASAMY.S,,,,,,,,,,,,,,,,JEEVANANTHAM.G,,,,,,,,PALANICHAMY.P,,,,,,,,,,,,,,,MGR NAMBBI,,,,,,,,,,,,,,,,,,,,,,,,,,,,,,,,,,,,,,,,,,,,,,,
206,Virudhunagar,21339,SEENIVASAN A.R.R,,SELVAKUMAR V.R,,,PANDURANGAN G,,THANGARAJ M,GUNASEKARAN G,,,,NOTA,,,,,,,,,,,,MANIMARAN N,,,,,SUYAMBULINGAM L,,,,,,,,,,,,,,,,,,,,,,,,,,,,,,,,,,,,,,,,,,,,,,,,,,,,,,,VIKRAMAN N,,,,,,,,,,,,,,,,,,,,,,,,
207,Aruppukkottai,39034,K.K.S.S.R.RAMACHANDRAN,VAIGAICHELVAN,UMA,,,,V.UMADEVI,,K. BOOMINATHAN,,,,NOTA,,R.RAMESH,G.SUBBURAJ,M.KARUPPASAMY,,,,A.P.S.JOHNSON,,S.DEENATHAYALAN,,,,,,,,,,,,,,,,,,,,,,,,S.PANDIYAN,,,,,,,,,,,,,,,,,,,,,,,,,,,,,,,,,,,,,,,,,,,,,,,,,,,,,,,,,,,,,,
208,Tiruchuli,60992,THANGAM THENARASU,RAJASEKAR S,ANANDHAJOTHI A,,,,MURUGAN S,SIVASAMY K K,ARUNKUMAR V,,,,NOTA,,,,THIRUMURUGAN PALANISAMY K,,,,,,,,,,,,,,,,,,,,,,,,,,,,,,MANIVASAGAM S,,,,,,,,,,,,,,,,,,,,,,,,,,,,,,,,,,,,,,,,,,,,,,,,,,,,,,,,,,,,,,
209,Paramakudi,13285,MURUGESAN S,SADHAN PRABHAKAR N,SASIKALA S,,,,KARUPPU RAJA M,,MURUKESAN K,,,,NOTA,,SELVI U,GOVINDAN V,,,,,PARTHASARATHI M,,,,,,,,,,,,,,,,,,,,,,,,,,,,,,,,,,,,,,,,,,,,,,,,,,,,,,,,,,,,,,,,,,,,,,,,,,,,,,,,,,,,,,,,
210,Tiruvadanai,13852,,K C ANIMUTHU,JAWAHAR,KARUMANICKAM,,,SATHYARAJ,ANANDH N,PERUMAL,,,,NOTA,,,RAMALINGAM,,,,,ANANTHARAJ S,,,,,,,,,,,ANBUBAGURUDEEN N,,,,,,,,,,,,,,,,,,,,,,,,,,,,,,,,,,,,,,,,,,,,,,,,,,,,,,,,,,,,,,,,,,,,,,,,,,,,,
211,Ramanathapuram,50479,KATHARBATCHA MUTHURAMALINGAM,,K.ILANGO,,,D.KUPPURAMU,K.P SARAVANAN,G.MUNIYASAMY,P.MALAICHAMY,,,,NOTA,,,ALLAPICHAI,,,,,V.JAYAPRAKASH,,,,,,,,,,,,,,,,,,,,,,,,,,R.S.WILHELM BENJAMIN ANAND,AMUTHAN,,,,,,,,,,,,,,,,,,,,,,,,,,,,,,,,,,,,,,,,,,,,,,,,,,,,,,,,,,,,,
212,Mudhukulathur,20721,R.S.RAJAKANNAPPAN,KEERTHIKA,R.RAHMADNISHA,,,,C.NAVAPANNEERSELVAM,M.MURUGAN,K.SATHISH,,,,NOTA,,,N.SIVANANDAM,C.MALAISELVAM,,,,K.PANCHATCHARAM,,,,,,,,,A.SARAVANAKUMAR,,,,,,,,K.BOOMIRAJAN YADAV,,,,,,,,,,,,,,,,,,,,,,,,,,,,,,,,,,,,,,S.RAJA,,,,,,,,,,,,,,,,,,,,,,,,,,,,,,,,,
213,Vilathikulam,38549,MARKANDAYAN V,CHINNAPPAN P,BALAJI R,,,,WILSON X,SEENI SELVI K,MURUGANANTHAM M,,,,NOTA,,,MANIKKARAJ A,MUTHUKUMAR C,,,,,,,,,,,,,KARUPPASAMY K,,,,,,,,,,,,,,,,,GANDHI M,,,,,,,,,,,,,,,,,,,,,,,,MARIMUTHU S,,,,,,,,,,,,,,,,,,,,,,,,,,,,,,,,,,,,,,
214,Thoothukkudi,50310,P.Geetha Jeevan,SDR Vijayaseelan,V.Velraj,,,,N.Sundar,,J.Sivaneswaran,,,,NOTA,,U.Chandran,A.Ashok Kumar,,,,,,G.Selvavinayagam,,N.Balasubramanian,,,,,,,,,,,,,,,S.Subash,,,S.V.Rajasekar,,,,,Mannar Maharajan,,,,K.Subramani,,,,,,,,,,,,,,,,,,,,,,,,,,,,,,,,,,,,,,,,,,,,,,,,,,,,,,,,,,
215,Tiruchendur,25263,Anitha R. Radhakrishnan,Radhakrishnan M,Gloriyan S,,,,Jayanthi M,Vadamalaipandian S,Baskar C,,,,NOTA,,,,,,,,,Kennady Babu K,,,,,,,,Rooswelt X,,,,,,,,,,,,,,,,,,,,,,,,,,,,,,,,,,,,,,,,,,,,,,,,,,,,,,,,,,,,,,,,,,,,,,,,,,,,,,,
216,Srivaikuntam,17372,,S.P.SHUNMUGANATHAN,P.Subbiah Pandian,Amirtharaj .S,,,R.Chandra Sekar,ERAL S. RAMESH,Durai Singh J,,,,NOTA,,,,Arun B,,,,,,,,,,,Jegan,,SURESH PERUMAL S,,,,,,,,,,,,,,,,,,,,,,,,,,,,,,,,,Arulmathi Yesuvadiyal,,,,,,,,,,,,,,,,,,,,,,,,,,,,,,,,,,,,,,,,,,,,,,
217,Ottapidaram,8510,SHUNMUGAIAH C,MOHAN P,VAIKUNDAMARI M,,,,,,SAMUTHIRAM P,,,,NOTA,,ARUMUGANAINAR S,,Dr.K.KRISHNASAMY,ARUNADEVI R,,,,,,,,,,,,MURUGAN P,,,,,,,,,,,,,,,,,MAHARAJAN A,,,,,,,,,,,,,,,,,,,,,,,,,,,,,,,,,,,,,,,,,,,,,,,,,,,,,,,,,,,,,,
218,Kovilpatti,12403,,KADAMBUR RAJU,M.Gomathi,,,,K.Kathiravan,TTV DHINAKARAN,Athikaran @ Athikumar,,,K.Srinivasan,NOTA,,,Ramachandiran.R,,,,,,,,,,,,,,S.Udaiyar,,,,,,,,,,,,,,,,,K.Shanmugasundaram,,,,,,,,,,,,,,,M.G.R.Nambbi,,,,,,,,,,,,,,,,,,,,,,,,,,,,,,,,,,,,,,,,,RAJKUMAR POLIAH,,,,,,
219,Sankarankovil,5297,RAJA E,RAJALAKSHMI V M,MAHENDRAKUMARI P,,,,PRABHU K,ANNADURAI R,VALLIAMMAL M,,,,NOTA,,,,SUBRAMANIAM V,,,,MATHANKUMAR K,,,,,,,,,,,,,,,,,,,,,,,,,,BALAMURUGESAN M,,,,,,,,,,,,,,PANEERSELVAM U,,,,,,,,,,,,,,,,,,,,,,,,,,,,,,,,,,,,,,,,,,,,,,,,
220,Vasudevanallur,2367,"SADHAN THIRUMALAIKUMAR, DOCTOR.T",MANOHARAN A,MATHIVANAN S S,,,,CHINNASAMY M,THANGARAJ S,RAMAMOORTHY P,,,,NOTA,,,,PETCHIAMMAL V,,,JAYAKUMAR P L A,KARUPPASAMY K,,,,,ESWARAN M,,,,,,,,,,,,,,,,,,,,,,,,,,,,,,,,,,,,,,,,,,,,,,,,,,,,,,,,,,,,,,,,,,,,,,,,,,,,,,,,,,,
221,Kadayanallur,24349,,C.KRISHNAMURALI,M.MUTHULAKSHMI,,,,M.AMBIKADEVI,S.AYYADURAIPANDIAN,S.SEENIVASAN,,,,NOTA,K.A.M.MUHAMMED ABUBACKER,,,,,,,,,,,,S.RAJA RAM,,,,,,,,,,,,,,,,,,,,,,,,,,,,,,,,,,,,,,,,,,,,,,,,,,,,,,,,,,,,,,,,,,,,,,,,,,,,,,,,,,,
222,Tenkasi,370,,SELVA MOHANDAS PANDIAN.S,VINCENTRAJ.R,PALANI NADAR.S,,,THIRUMALAIMUTHU.R,MOHAMED.S,MADASAMY.A,,,,NOTA,,,,CHANDRASEGAR.S,,,,MUGUNDHAN.K,,JEGANATHAN.M,SURESHKUMAR.S,,,,UDHAYAKUMAR.K.M,,SELVAKUMAR.R,,,,,,,,,,,,,,,,,,,,,,,,,,,,,,,,,,,,,,,,,,,,,,,,,,,,,,,,,,,,,,,,,,,,,,,,,,,,,,,
223,Alangulam,3539,DR.POONGOTHAI ALADI ARUNA,PAUL MANOJ PANDIAN,M.SANGEETHA ESAK,,,,S.SELVAKUMAR,,HARI NADAR.A,,,,NOTA,,RAJENDRANATHAN,,A.UDHAYAKUMAR,,,,,,,,,,,,,,,,,,,,,,,,,,,,,,,,,,,,,,,,,,,,,,,,,,,,,,,,,,,,,,,,,,,,,,,,,,,,,,,,,,,,,,,,,,,,
224,Tirunelveli,23107,"Lakshmanan,A.L.S.",,"Sathya,B.",,,Nainar Nagenthran,,"Mahesh Kannan,A.P.","Sivakumar,M.",,,,NOTA,,,Kalanithy,,,,,,,,,,,"Sundarraj,M.",,,,,,,,,,,,,,,,,,,,,,,,,,,,,,,,,,,,,,,,,,,,,,,,,,,,,,,,,,,,,,,,,,,,,,,,,,,,,,,,,,
225,Ambasamudram,16915,R.AVUDAIAPPAN,E.SUBAYA,SHENBAGA VALLI,,,,C.GANESAN,C.RANI RANJITHAM,J.RAJESH DHARMASINGH PANDIAN,,,,NOTA,,,MANIMARAN,,,,,,S. LAKSHMANAN,,,,,,,,,,,,,,,,,,,,,,,,,,,,,,,,,,,,,,,,,,,,,,,,,,,,,,,,,,,,,,,,,,,,,,,,,,,,,,,,,,,,,,,
226,Palayamkottai,52141,ABDUL WAHAB .M,GERALD .G,FATHIMA .A,,,,PREMNATH. D,,SADAGOPAN .K,,,,NOTA,,,,,,MOHAMED MUBARAK .V.M.S.,,,RAJA .S,,,,,,,,,,,,,,,,,,,,,,,,,,,,,,,,,,,,,,,,,VEERASUBRAMANIYAN .S,,,,,,,,,,,,,,,,,,,,,,,,,,,,,,,,,,,,,,,,,,,,,,
227,Nanguneri,16486,,GANESARAJA,VEERAPANDI,RUBY R MANOHARAN,,,,PARAMASIVA IYYAPPAN,KATHIRAVAN,,,,NOTA,,,SUBBULAKSHMI,,,,,,PRABAKARAN,,,,,,,,SHUNMUGA SUNDARAM,,,,,,,,,,,,,,,,,,,,,,,,,,,,,,,,,,,,,KANDHAN,,,,,,,,,,,,,,,,,,,,,,,,,,,,,,,,,,,,,,,,,,
228,Radhapuram,5925,M.Appavu,I.S.Inbadurai,R.Jesu Dhasan,,,,,,G.Deva Peran,,,,NOTA,,K.Jeyabalan,E.Esakkiammal,,,,,,M.Chandran,,,,,,,,J.Jesu Rajendran,,,,,,,,,,,,,,,,,,,,,,,,,,,,,,,,,N.Godfrey Washington Noble,,,,,,,,,,,,,,,,,,,,,,,,,,,,,,,,,,,,,,,,,,,,,,
229,Kanniyakumari,16213,AUSTIN S.,THALAVAI SUNDARAM N.,SASIKALA  R.,,,,SELVAKUMAR  P.T.,SENTHIL MURUGAN  P.,AUGUSTIN A.,,,,NOTA,,,SUTHARMAN C.J.,,,,,,,,,,,,,,,,,,,,,,,,,,,,,,,,,,,,,,,,,,,,,,,,,,,,,,,,,,,,,,,,,,,,,,,,,,,,,,,,,,,,,,,,,,,,,
230,Nagercoil,11669,Suresh Rajan N.,,Vijayaragavan,,,Gandhi M.R.,Maria Jacob Stani Raja S.,Ammu Anto I.,Bala Sivanesan J.,,,,NOTA,,,,,,,,,,Sunil Kumar S.,,,,,,,,,,Satheesh Kumar D.,,,,,,,,,,,,,,,,,,,,,,,,,,,,,,,,,,,,,,,,,,,,,,,,,,,,,,,,,,,,,,,,,,,,,,,,,,,,
231,Colachal,24832,,,Antony Aslin J.,Prince J.G.,,Ramesh P.,Lathis Mary S.,,Vijayakumar R.,,,,NOTA,,Sivakumar M.,Anish K.M.,,,,,,,Krishna Kumar A.,,,,Anthony Muthu S.M.,,,,,,,,,,,,,,,,,,,,,,,,Raja C.,,,,,,,,,,,,,,,,,,,,,,,,,,,,,,,,,,,,,,,,,,,,,,,,,,,,,,,,,,
232,Padmanabhapuram,26885,"Mano Thangaraj, T.","John Thankam, D.",Seelan,,,,"Jeyaraj, M.","Jenkins, D.","SyedAli, A.",,,,NOTA,,,"Latha, P.",,,,,,,,,,,,,,,,,,,,,,,,,,,,,,,,,,,,,,,,,,,,,,,,,,,,,,,,,,,,,,,,,,,,,,,,,,,,,,,,,,,,,,,,,,,,,
233,Vilavancode,28669,,,MARY ADLIN,VIJAYADHARANI S,,JAYASEELAN R,RAJAKUMAR R,,SAMUEL GEORGE KALAI ARASAR,,,,NOTA,,IDEN SONI L,,,,,,,,,,,,,,,,,,,,,,,,,,,,,,,,,,,,WILSON G,,,,RAJESH KUMAR S,,,,,,,,,,,,,,,,,,,,,,,,,,,,VASANTHEESWARAN E,,,,,,,,,,,,,,,,,,,,,,,,,,
234,Killiyoor,55400,,JUDE DEV   K.V,PETER H,RAJESH KUMAR  S,,,,SEEMA  A,SIVAN RAJ  K,,,,NOTA,,,SIVAKUMAR  V,,,,JAYARAJ E,,,,,ANTONY  A,,,,,,,,,,,,,,,,,,,,,,,,,,,,,,VIJIKUMAR K,,,,,,,,,,,,,,,,,,,,,,,,,,,,,,,,,,,,THANKAPPAN C,,,,,,,,,,,,,,,,,,
