Constituency ID,Constituency_Name,Winning_Margin,Candidate - All India Trinamool Congress,Candidate - Bharatiya Janata Party,Candidate - Communist Party of India  (Marxist),Candidate - Indian National Congress,Candidate - Independent,Candidate - Rashtriya Secular Majlis Party,Candidate - None of the Above,Candidate - All India Forward Bloc,Candidate - Bahujan Samaj Party,Candidate - SOCIALIST UNITY CENTRE OF INDIA (COMMUNIST),Candidate - Revolutionary Socialist Party,Candidate - Communist Party of India,Candidate - AJSU Party,Candidate - Bahujan Mukti Party,Candidate - Amra Bangalee,Candidate - Kamatapur People’s Party (United),Candidate - Communist Party of India  (Marxist-Leninist)  (Liberation),Candidate - Purvanchal Mahapanchayat,Candidate - All India Majlis-E-Ittehadul Muslimeen,Candidate - Janata Dal  (United),Candidate - Bharatiya Nyay-Adhikar Raksha Party,Candidate - Lok Jan Shakti Party,Candidate - Communist Party of India (Marxist-Leninist) Red Star,Candidate - Ambedkarite Party of India,Candidate - SOCIAL DEMOCRATIC PARTY OF INDIA,Candidate - Indian Unity Centre,Candidate - Party for Democratic Socialism,Candidate - Welfare Party Of India,Candidate - United Socialist Party,Candidate - Humanity Universal Motion Party,Candidate - Bahujan Maha Party,Candidate - National People's Party,"Candidate - Justice and Development Party,",Candidate - Republican Party of India (Athawale),Candidate - Bhartiya Tribal Party,Candidate - Mulnibasi Party of India,Candidate - Indian Union Muslim League,Candidate - Progressive People's Party,Candidate - West Bengal Socialist Party,Candidate - Republican Party of India (A),Candidate - Democratic Socialist Party of India,Candidate - Jan Sangh Party,Candidate - Socialist Party (India),Candidate - National Republic Party Of India,Candidate - Guru Chand Mukti Morcha,Candidate - Paradise Party,Candidate - Hindustani Awam Morcha (Secular),Candidate - Samajwadi Jan Parishad,Candidate - Bharateeya Manavadhikar party,Candidate - Rashtravadi Janata Party,Candidate - Akhil Bharat Hindu Mahasabha,Candidate - Right to Recall Party,Candidate - All India Minorities Front,Candidate - Lok Samya Party,Candidate - Sajag Samaj Party,Candidate - New Democratic Party of India,Candidate - Revolutionary Socialist Party of India(Marxist),Candidate - Jamat-E-Seratul Mustakim,Candidate - Bharatiya Momin Front,Candidate - Vikas India Party
,,5729559,28471486,22741927,2837276,1739844,947779,813489,643418,297604,233437,224594,126121,118655,61936,45120,33372,18338,17946,11118,10852,10554,7015,6920,6410,6139,4988,4819,4673,4564,4459,4147,3980,3880,3724,3410,3239,2728,2372,2247,2163,2129,2059,1966,1946,1940,1939,1938,1650,1377,1170,1169,819,777,658,498,409,367,260,241,166,154
1,Mekliganj,14685,ADHIKARY PARESH CHANDRA,DADHIRAM RAY,,,SUBHASH BARMAN,,NOTA,GOBINDA CHANDRA ROY,JYOTISH ROY,RANJIT KUMAR ROY,,,,,CHINU ROY BARMAN,KUKIL ADHIKARY,,,,,,,,,,,,,,,,,,,,,,,,,,,,,,,,,,,,,,,,,,,,
2,Mathabhanga,26134,Girindra Nath Barman,Sushil Barman,Ashok Barman,,Haradhan Roy,,NOTA,,,Bikash Barman,,,,,Ratan Barman,Kangsa Raj Barman,,,,,,,,,,,,,,,,,,,,,,,,,,,,,,,,,,,,,,,,,,,,
3,COOCHBEHAR UTTAR,14615,BINAY KRISHNA BARMAN,SUKUMAR ROY,,,NARESH CHANDRA ROY,,NOTA,NAGENDRA NATH ROY,,ANIL CHANDRA ROY,,,,,GOPAL ROY,SAMARESH RAY,,,,,,,,,,,,,,,,,,,,,,,,,,,,,,,,,,,,,,,,,,,,
4,Cooch Behar Dakshin,4931,Avijit De Bhowmik,Nikhil Ranjan Dey,,,Rati Ranjan Paul,,NOTA,Akshay Thakur,Khokan Majumdar,Nazma Khandakar,,,,,Babla Deb,,,,,,,,,,,,,,,,,,,,,,,,,,,,,,,,,,,,,,,,,,,,,
5,Sitalkuchi,17815,Partha Pratim Ray,Baren Chandra Barman,Sudhangshu Pramanik,,Hare Krishna Sarkar,,NOTA,,,Jagadish Adhikari,,,,,Kamal Barman,Manik Chandra Barman,,,,,,,,,,,,,,,,,,,,,,,,,,,,,,,,,,,,,,,,,,,,
6,Sitai,10112,JAGADISH CHANDRA BARMA BASUNIA,DIPAK KUMAR ROY,,KESHAB CHANDRA RAY,SUNIL MAHANTA,,NOTA,,,ANIL CHANDRA BARMAN ROY,,,,,PRASANNA KUMAR ROY,,,,,,,PROSHANTA BARMAN,,,,,,,,,,,,,,,,,,,,,,,,,,,,,,,,,,,,,,
7,Dinhata,57,UDAYAN GUHA,NISITH PRAMANIK,,,LEBU MIYAN,,NOTA,ABDUR ROUF,,PRADIP ROY,,,,,,,,,,,,,,,,,,,,,,,,,,,,,,,,,,,,,,,,,,,,,,,,,,
8,Natabari,23440,Rabindra Nath Ghosh,Mihir Goswami,Akik Hassan,,Sahidul Hossain,,NOTA,,,Abdus Salam,,,,,Dalendra Nath Ray,,,,,,,,,,,,,,Ekramul Hoque,,,,,,,,,,,,,,,,,,,,,,,,,,,,,,,
9,Tufanganj,31198,Pranab Kumar Dey,Malati Rava Roy,,Rabin Roy,Sushil Chandra Das,,NOTA,,,Bhola Saha,,,,,Jiban Kumar Saha,,,,,,,,,,,,,,,,,,,,,,,,,,,,,,,,,,,,,,,,,,,,,
10,Kumargram,11001,LEOS KUJUR (URAO),MANOJ KUMAR ORAON,,,Aron Murmu,,NOTA,,,,KISHOR MINJ,,,Shailen Marandi,,Shrilal Oron,,,,KALAWATI CHIK BARAIK,,,,,,,,,,,,,,,,,,,,,,,,,,,,,,,,,,,,,,,,
11,Kalchini,28576,PASSANG LAMA,BISHAL LAMA,,AVIJIT NARJINARY,BINAY NARJINARY,,NOTA,,,,,,,HAKIM MAHALI,,,,,,MADAN KUMAR URAON,,CHANCHAL NARJINARY,,,,,,,,,,ASHOK LAMA,,,,,,,,,,,,,,,,,,,,,,,,,,,,
12,Alipurduars,16007,SOURAV CHAKRABORTY (GHUTIS),SUMAN KANJILAL,,DEBA PRASAD ROY,NIKHIL CHANDRA RAIBIR,,NOTA,,,PIJUSH KANTI SARMA,,,,,,,,,,,,,,,,,,,,,,,,,,,,,,,,,,,,,,,,,,,,,,,,,,
13,Falakata,3990,SUBHASH CHANDRA ROY,DIPAK BARMAN,KSHITISH CHANDRA RAY,,DIPAK CHANDRA MANDAL (SANTOSH),,NOTA,,,TARANI ROY,,,,,BIMAL ROY,,,,,,,,,,,,,,,,,,,,,,,,,,,,,,,,,TAPAN ADHIKARI,,,,,,,,,,,,
14,Madarihat,29685,RAJESH LAKRA,MANOJ TIGGA,,,,,NOTA,,UTTAM BARUA,SUDHIST BARAIK,SUBHASH LOHAR,,,,,,,,,,,,,,,,,,,,,PANCHU ORAON,,,VIVEK PRADEEP TETE,,,,,,,,,,,,,,,,,,,,,,,,,
15,Dhupguri,4355,MITALI ROY,BISHNU PADA RAY,PRADIP KUMAR ROY,,HRISHIKESH ROY,,NOTA,,BEDODYUTI ROY,DHIRANJAN ROY,,,,,,SUKUMAR ROY,,,,,,,,,,,,,,,,,,,,,,,,,,,,,,,,,,,,,,,,,,,,
16,Maynaguri,11911,Manoj Roy,Kaushik Roy,,,Bilash Sarkar,,NOTA,,Ganesh Mandal,Shyamal Roy,Naresh Chandra Roy,,,,Binay Sarkar,Biswanath Roy,Uday Shankar Adhikari,,,,,,,,,,,,,,,,,,,,,,,,,,,,,,,,,,,,,,,,,,,
17,Jalpaiguri,941,DR. PRADIP KUMAR BARMA,SOUJIT SINGHA (PIKU),,SUKHBILAS BARMA,RAKHI SARKAR,,NOTA,,SUBHASH KUMAR SARKAR,PALENDRA NATH ROY,,,,,ISWAR BARAI,,,,,,,,,,,,,,,,,,,,,,,,,,,,,,,,,,,,,,,,,,,,,
18,Rajganj,15773,KHAGESWAR ROY,SUPEN ROY,RATAN KUMAR ROY,,DIGBIJAY MANDAL,,NOTA,,SANTI KISHOR BARARI,UDAY ROY,,,,,NIRODE CHANDRA ADHIKARY,TAPATI ROY (BARMAN),,,,,,,,,,,,,,,,,,,,,,,,,,,,,,,,,,,,,,,,,,,,
19,Dabgram-Fulbari,27593,Goutam Deb,Sikha Chatterjee,Dilip Singh,,Maheswar Barman,,NOTA,,Radhakrishna Namadas,Maniul Islam,,,,,Shambhu Sutradhar,,,,,,,,,,,,,,,,,,,,,,,,,Amitav Naskar,,,,,,,,,,,,,,,,,,,,
20,Mal,5465,BULU CHIK BARAIK,MAHESH BAGEY,MANU ORAON,,BABLU MAJHI,,NOTA,,,GITA ORAON,,,,,,,,,,,,,,,,,,,,,,,,,,,,,,,,,,,,,,,,,,,,,,,,,,
21,Nagrakata,23475,JOSEPH MUNDA,PUNA BHENGRA,,SUKBIR SUBBA,ROBAT MUNDA,,NOTA,,,,,,,,,,,,,,,,,,,,,,,,,,,,,,,BENAM ORAON,,,,,,,,,,,,,,,,,,,,,,
22,Kalimpong,3870,,SUVA PRADHAN,,DILIP PRADHAN,RUDEN SADA LEPCHA,,NOTA,,,,,,,,,,,,,,,,,,,,,,,,,PENJO GOMPU BHUTIA,,,,,,,,,,,,,,,,,,,,,,,,,,,,
23,Darjeeling,21276,,NEERAJ TAMANG ZIMBA,GAUTAM RAJ RAI,,KESHAV RAJ SHARMA,,NOTA,,,,,,,,,,,,,,,,,,,,,,,,,,,,,,,,,,,,,,,,,,,,,,,,,,,,,
24,Kurseong,15515,,Bishnu Prasad Sharma (alias B.P. Bajgain),Uttam Brahman,,Tshering Lama,,NOTA,,,,,,,,,,,,,,,,,,,,,,,,,,,,,,,,,,,,,,,,,,,,,,,,,,,,,
25,Matigara-Naxalbari,70848,Rajen Sundas,Anandamay Barman,,Sankar Malakar,Rakesh Mondal,,NOTA,,Sudip Mandal,Harish Chandra Barman,,,,,,,,,,,,,,,,,,,,,,,,,,,,,,,,,,,,,,,,,,,,,,,,,,
26,Siliguri,35586,Dr. Omprakash Mishra,Sankar Ghosh,Asok Bhattacharya,,Habul Ghosh,,NOTA,,Kakali Majumdar (Roy),Dipti Roy,,,,,Chayan Guha,,,,,Bhushan Kumar Soni,,,,,,,,,,,,,,Chhotan Saha,,,,,,Nintu Dutta,,,,,,,,,,,,,,,,,,,,
27,Phansidewa,27711,Chhotan Kisku,Durga Murmu,,Sunil Chandra Tirkey,,,NOTA,,Karuna Ranjan Soren,Bhola Tirki,,,,,,,Sumanti Ekka,,,,,,,,,,,,,,,,,,Amit Lakra,,,,,,,,,,,,,,,,,,,,,,,,,
28,Chopra,64905,HAMIDUL RAHAMAN,MD. SHAHIN AKHTER,ANWARUL HAQUE,,SUROJIT KISKU,,NOTA,,,,,,,,AJOY KUMAR SINHA,,,,,,,,,,,,,,,,,,,,,,,,,,,,,,,,,,,,,,,,,,,,,
29,Islampur,37440,ABDUL KARIM CHOWDHARY,SAUMYAROOP MANDAL,,SADIQUL ISLAM,MD. NAIYAR ALAM,,NOTA,,,BIRENDRA NATH SINHA,,,,,,,,,,,,,,,,,,,,,,,,,,,,,,,,,,,,,,,,,,,,,,,,,,
30,Goalpokhar,73514,MD. GHULAM RABBANI,MD. GHULAM SARWAR,,MASOOD MD. NASEEM AHSEN,SHAMBHU LAL ROY,,NOTA,,SUNIL BISWAS,NABIN CHANDRA SINGHA,,,,,,,,,,,,,,,,,,,,,,,,,,,,,,,,,,,,,,,,,,,,,,,,,,
31,Chakulia,33837,AZAD MINHAJUL ARFIN,SACHIN PRASAD,,,MAZHAR IMAM,,NOTA,ALI IMRAN RAMZ,GOUTAM PAUL,,,,,,,,,,,KAMKSHYA SARKAR,,,,,,,,,,,,,,,,,,,,,,,,,,,,,,,,,,,,,,,,
32,Karandighi,36626,GOUTAM PAUL,SUBHAS CHANDRA SINHA    S/O: HARANARAYAN SINHA,,,BENOY KUMAR DAS,,NOTA,MD. HAFIZUL IQBAL,HARUN RASHID,SHANTILAL SINGHA,,,,SANTHAPAN HASDAK,BISHWAJIT SINHA,,,,,,,,,,,,,,,,,,,,,,,,,,,,,,,,,,,,,,,,,,,,,
33,Hemtabad,27215,SATYAJIT BARMAN,CHANDIMA ROY,BHUPEN BARMAN,,SANKAR BARMAN,,NOTA,,BINAY KUMAR ROY,JYOTIRMAY BARMAN,,,,,MANINDRA BARMAN,,,,,,,,,,,,,,,,,,,,,,,,,,,,,,,,,,,,,,,,,,,,,
34,Kaliaganj,21820,TAPAN DEB SINGHA,SOUMEN ROY,,PRAVASH SARKAR,SUDHIR SARKAR,,NOTA,,,GOPAL CHUNARY,,,,,NAMALA KANTA SARKAR,,,,,,,,,,,,,,,,,,,,,,,,,,,,,,,,,,,,,,,,,,,,,
35,Raiganj,20748,AGARWAL KANAIA LAL,KRISHNA KALYANI,,MOHIT SENGUPTA,RAJU PAUL,,NOTA,,,SANATAN MAJUMDAR,,,,BAHAMONI HANSDA,GOUTAM BISWAS,,,,,BHABATOSH LAHIRI,,,,,,,,,,,,,,,,,,,,,,,,,,,,,,,,,,,,,,,,
36,Itahar,43975,MOSARAF HUSSEN,AMIT KUMAR KUNDU,,,MOJAMMEL HAQUE,,NOTA,,,,,SRIKUMAR MUKHERJEE,,,,,,,MOFAKKERUL ISLAM,,,,,,,,,,,,,,,,,,,,,,,,,,,,,,,,,,,,,,,,,
37,Kushmandi,12584,REKHA ROY,RANJIT KUMAR ROY,,,BHIMNAL SARKAR,,NOTA,,BISWANATH SARKAR,,NARMADA CHANDRA ROY,,,,,,,,,,,,,,,,,,,,,,,,,,,,,,,,,,,,,,,,,,,,,,,,,
38,Kumarganj,29367,TORAF HOSSAIN MANDAL,Manas Sarkar,,CHAUDHURI NARGIS BANU,,,NOTA,,,RANAJIT DEB,,,,,,RUBEL SARKAR,,,,,,,,,,,,,,,,,,,,,,,,,,,,,,,,,,,,,,,,,,,,
39,Balurghat,13436,Sekhar Dasgupta,Ashok Kumar Lahiri,,,,,NOTA,,Jogesh Chandra Murmu,BIRENDRA NATH MAHANTA,Sucheta Biswas,,,Dulal Barman,Narottam Saha,Anup Barman,,,,,,,,,,,,,,,,,,,,,,,,,,,,,,,,,,,,,,,,,,,,
40,Tapan,1650,KALPANA KISKU,BUDHRAI TUDU,,,,,NOTA,,BABLU KISKU,KALICHARAN EKKA,RAGHU UROW,,,ALBINUS HASDA,,NIPESH TIRKI,,,,,,,,,,,,,,,,,,,,,,,,,,,,,,,,,,,,,,,,,,,,
41,Gangarampur,4592,GOUTAM DAS,SATYENDRA NATH  RAY,NANDA LAL HAZRA,,,,NOTA,,ARUN KANTI BALA,,,,,,,AKSHAY SARKAR,,,,,,,SUBRATA ROY,,,,,,,,,,,,,,,,,,,,,,,,,,,,,,,,,,,,,
42,Harirampur,22672,BIPLAB MITRA,NILANJAN ROY,RAFIKUL ISLAM,,BIJAN CHAKRABORTY,,NOTA,,,HARISH MAHATO,,,,SHANKAR MARDI,,,,,,,,,,,,,,,,,,,,,,,,,,,,,,,,,,,,,,,,,,,,,,
43,Habibpur,19517,PRODIP BASKEY,JOYEL MURMU,THAKUR TUDU,,PROVAT KISKU,,NOTA,,SHRINATH TUDU,,,,,BABURAM KISKU,,BISWANATH MARDI,,,,,,,,PRATAP KORAMUDI,,,,,,,,,,,,,,,,,,,,,,,,,,,,,,,,,,,,
44,Gazole,1798,BASANTI BARMAN,CHINMOY DEB BARMAN,ARUN KUMAR BISWAS,,SATISH RAJBANSHI,,NOTA,,SANATAN RISHI,SUPEN KUMAR ROY,,,,BIPAD  BHANJAN  ROY,,Minu Sarkar (Barman),,,,,,,,,,,,,,,,,,,,,,,,,,,,,,,,,,,,,,,,,,,,
45,Chanchal,67338,Nihar Ranjan Ghosh,Dipankar Ram (Bankat),,Asif Mehbub,Bhakta Prasad Saha,,NOTA,,Younish Mia,Jhantu Kumar Rabidas,,,,,,,,,,,,,,,,,,,,,,,,,,,,,,,,,,,,,,,,,,,,,,,,,,
46,Harischandrapur,77473,TAJMUL HOSSAIN,MD. MATIBUR RAHAMAN,,ALAM MOSTAQUE,MD OLIUR RAHAMAN,,NOTA,ALAM MD RAFIQUL,RAM BILAS MANDAL,MUSARAF HOSSAIN,,,,,,,,,,,,,,,,,,,,,,,,,,,,,,,,,,,,,,,,,,,,,,,,,,
47,Malatipur,91949,ABDUR RAHIM BOXI,MOUSUMI DAS,,ALBERUNI ZULKARNAIN,,,NOTA,,MD. KAMRUL HODA,,,,,GOLAM FARUQUE,,,,,MOTIUR RAHAMAN,,,,,,,,,,,,,,,,,,,,,,,,,,,,,,,,,,,,,,,,,
48,Ratua,75650,Samar Mukherjee,Abishek Singhania,,Khatun Najema,Payel Khatun,,NOTA,,Chaitanya Rabidas,,,,,,,,,,,,,,,,,,,Arafat Ali,,,,,,,,,,,,,,,,,,,,,,,,,,,,,,,,
49,Manikchak,33878,SABITRI MITRA,GOUR CHANDRA MANDAL,,ALAM MOTTAKIN,ANIL CH. MANDAL,,NOTA,,CHANCHALA KARMAKAR,,,,,AMAL KUMAR RABIDAS,,,,,,,,,,,,,,,,,,,,,,,,,,,,,,,,,,,,,,,,,,,,,,
50,Maldaha,15456,Ujjwal Kumar Chowdhury,Gopal Chandra Saha,,Bhupendra Nath Halder (Arjun),Sujit Kumar Moulik,,NOTA,,Mukul Sarkar,,,,,Santosh Kumar Sarkar,,,,,,,,,,,,,,,,,,,,,,,,,,,,,,,,,,,,,,,,,,,,,,
51,Englishbazar,20099,KRISHNENDU NARAYAN CHOUDHURY,SREERUPA MITRA CHAUDHURY(NIRBHOY DIDI),KOUSHIK MISRA(SAHEB),,MD. ANISUR RAHAMAN,,NOTA,,SURESH CHANDRA SARKAR,GAUTAM SARKAR,,,,FIROZ AKHTAR,,,,,,UMA DAS (PAUL),,,,,,,,,,,,,,,,,,,,,,,,,,,,,,,,,,,,,,,,
52,Mothabari,56573,YEASMIN SABINA,SHYAMCHAND GHOSH,,DULAL SK,SUBODH SARKAR,MD. ALI KALIMULLAH (NUR HOQUE),NOTA,,,,,,,,,MST AKTARI KHATUN,MD EBRAHIM,,,,,,,,,,,,,,,,,,,,MD FARUQUE HOSSAIN(SAHITYARATNA),,,,,,,,,,,,,,,,,,,,,,,
53,Sujapur,130163,Md Abdul Ghani,Sk Ziauddin,,Isha Khan Choudhury,Md. Rahim Biswas,Md. Nur Islam Sekh,NOTA,,Rafiqul Islam,,,,,,,,,,,,,,,,,,Nasmul Hoque,,,,,,,,,,,,,,,,,,,,,,,,,,,,,,,Md Monirul Hasan,,
54,Baisnabnagar,2471,CHANDANA SARKAR,SWADHIN KUMAR SARKAR,,AZIZUL HOQUE,HARENDRANATH SARKAR,,NOTA,,NIKHIL CHANDRA MANDAL,,,,,,,,,,,,,,,,,,,,,,,,,,,,,,,,,,,,,,,,,,,,,,,,,,,
55,Farakka,59945,MANIRUL ISLAM,GHOSH  HEMANTA,,MAINUL HAQUE,ANUP KUMAR SINHA,MD MERAJ SORIF,NOTA,,,,,,,,,,,,,,,,,,,,,,,,,,,,,,,,,,,,,,,,,,,,,,,,,,,,,
56,Samserganj,0,,,,,,,,,,,,,,,,,,,,,,,,,,,,,,,,,,,,,,,,,,,,,,,,,,,,,,,,,,,,
57,Suti,70701,EMANI BISWAS,KOUSHIK DAS,,HUMAYUN REZA,MAIDUL ISLAM,,NOTA,,,ANUP SINGHA,,,,,,,,,,,,,,,,,,MAHFUJUR  RAHAMAN,,,,,,,,,,,,,,,,,,,,,,,,,,,,,,,,
58,Jangipur,0,,,,,,,,,,,,,,,,,,,,,,,,,,,,,,,,,,,,,,,,,,,,,,,,,,,,,,,,,,,,
59,RaghunathGanj,98313,Akhruzzaman,Golam Modaswer,,Abul Kashem Biswas,Nasir Saikh,,NOTA,,,Rabiul Alam,,,,,,,,,,,,,,,Md. Jakir Hossain,,,M A Hannan,,,,,,,,,,,,,,,,,,,,,,,,,,,,,,,,
60,Sagardighi,50206,SUBRATA SAHA,KHATUN MAFUJA,,SK M HASANUZZAMAN (BAPPA),SANTA BHATTACHERJEE,,NOTA,,DHANANJAY BANERJEE,MIRZA LUTFUL HOQUE,,,,SUPAL MURMU,,,,,NURE MAHABOOB ALAM,,,,,,ABDUT TAWAB,,,,,,,,,,,,,,,,,,,,,,,,,,,,,,,,,,,
61,Lalgola,60707,ALI MOHAMMAD,KALPANA GHOSH,,ABU HENA,ABHIJIT  HALDAR,,NOTA,,BHARAT CHANDRA BISWAS,MUNTASIR ZAMIL,,,,,,,,,,,,KAKALI DEBNATH,,,NAJIMA KAYAL,,,,,,,,,,,,,,,,,,,,,,,,,,,,,,,,,,,
62,Bhagabangola,106008,IDRIS ALI,Mehebub Alam,MD. KAMAL HOSSAIN,,MD. MOSARAF HOSSAIN,,NOTA,,SEIKH RABIUL ALAM,ABDUL MABUD NAYAN,,,,,,,,,,,,,,,,,,,ALI HOSSAIN,,MST. SIKHA KHATUN,,,,,,REJAUL KARIM SK,,,,,,,,,,,,,,,,,,,,,,,
63,Raninagar,79702,ABDUL SOUMIK HOSSAIN,MST MASUARA KHATUN,,FIROZA BEGAM,FIROZA BIBI,GOLAM MASUM REJA,NOTA,,RULIYA PARVIN,NASRIN NAHER LUCY,,,,,,,,,,,,,,,MD SAHER ALAM,,,,SAIRA BIBI,,ABDUL HAI,,,,,,,,,,,,,,,,,,,,,,,,,,,,,
64,Murshidabad,2491,SHAONI SINGHA ROY,GOURI SANKAR GHOSH,,NEAJUDDIN SK,BELLAL SK,HABIB SAIKH,NOTA,,MADAN MOHAN MANDAL,MILIA SAJEM,,,,,,,,,,,,,,,,,,,,,,,,,,,,,,,SUJAT SK,,,,,,,,,,,,,,,,,,,
65,Nabagram,35533,KANAI CHANDRA MONDAL,MOHAN HALDER,KRIPALINI GHOSH,,,,NOTA,,,BARUN MANDAL,,,,,,,,,,,,,,,,,,,,,,,,,,,,,,,,,,,,,,,,,,,,,,,,,,
66,Khargram,32573,ASHIS MARJIT,ADITYA MOULIK,,BIPAD TARAN BAGDI,,,NOTA,,,,,,,,,,TULU BALA DAS,,,MANIK KUMAR DAS,,,,,,,,,,,,,,,,,,,,,,,,,,,,,,,,,,,,,,,,
67,Burwan,2749,JIBAN KRISHNA SAHA,AMIYA KUMAR DAS,,SHILADITYA HALDAR,NARESH KUMAR DAS,,NOTA,,,,,,,,,,,,,,,,,,,,,,,,,,,,,,,,,,,,,,,,,,,,,,,,,,,,,
68,Kandi,38080,APURBA SARKAR (DAVID),GOUTAM ROY,,SHAFIUL ALAM KHAN (BONU),SYED AZIZUR HOSSAIN(NASHIM),,NOTA,,,SUKHEN HALDAR,,,,,,,,,,,,,,,,,,,,,,,SHER ALAM,,,,,,,,,,,,,,,,,,,,,,,,,,,
69,Bharatpur,43083,HUMAYUN KABIR,IMAN KALYAN MUKHERJEE,,KAMALESH CHATTERJEE (GOPAL),BASUDEB SAHA,,NOTA,,SHYAMAPADA GHOSH,,,,,,BADAN GHOSH,,,,SAJJAD HOSSAIN,,,,,,,,,,,,,,,,,,,,,,,,,,,,,,,,,,,,,,,,,
70,Rejinagar,68268,RABIUL ALAM CHOWDHURY,ARABINDA BISWAS,,KAFIRUDDIN SK,,,NOTA,,,Md. Babar Ali,,,,,,,,,,,,,,,,,,,,,,,,,,,MUJIBUR RAHAMAN,,,,,,,,,,HASANUR ZAMAN SK,,,,,,,,,,,,,
71,Beldanga,53832,HASANUZZAMAN SK,SUMIT GHOSH,,SAFIUJJAMAN SEIKH,KAJAL GHOSH BISWAS,,NOTA,,,SARIFUL ISLAM,,,,,,,,,,,,,,,,,,,,,,,,,,,,,,,MD: SAGIR HOSSAIN,,,,,,,,,,,,,,,,,,,
72,Baharampur,26852,Naru Gopal Mukherjee,Subrata Maitra (Kanchan),,Manoj Chakraborty,Sujit Kumar Das,,NOTA,,Sajal Sen,Goutam Ghosh (Dwarak Ghosh),,,,Rekha Roy,,,,,,,,,,,,,,,,,,,,,,,,,,,,,,,,,,,,,,,,,,,,,,
73,Hariharpara,14066,NIAMOT SHEIKH,TANMOY BISWAS,,MIR ALAMGIR (PALASH),RAFIKUL ISLAM,,NOTA,,,GOLAM AMBIA,,,,,,,,,,,,,,,,,,,,,,,,,,,,,,,,,,,,,,,,,,,,,,,,,,
74,Naoda,74153,SAHINA MOMTAZ KHAN,ANUPAM MANDAL,,MOSARAF HOSSAIN MONDAL (MADHU),SAMIK MANDAL,,NOTA,,,SAHIDUL ISLAM (KALU),,,,,,,,,,,,,,,,,,,,,,,,,,,,,,,,,,,,,MD. WASIM AKRAM,,,,,,,,,,,,,
75,Domkal,47229,JAFIKUL ISLAM,BIYAMMA MONDAL (RUBIA),MD. MOSTAFIJUR RAHAMAN (RANA),,IMAN ALI BISWAS,,NOTA,,,SAMSUZZAMAN(KAJAL),,,,,,,,,,,,,,,,,,,,,,,AMIR SOHAIL,,,,HIKMAT ALI,,,,,,,,,,,,,,,,,,,,,,,
76,Jalangi,79276,ABDUR RAZZAK,CHANDAN MANDAL,SAIFUL ISLAM MOLLA,,RAFIKA SULTANA,,NOTA,,,ENAMUL HAQUE,,,,MD. ABDUL HAMID,SUBIR KUMAR SARKAR,,,,ALSOKUAT JAMAN,,,,,,,,,,,,,,SARIFUL MANDAL,,,,,,,,,,,,,,,,,,,,,,,,,,,
77,Karimpur,23575,Bimalendu Sinha Roy,Samarendranath Ghosh,Prabhas Majumdar,,Premananda Mandal,,NOTA,,Jitendranath Halder,Dhanapati Mondal,,,,,,,,,,,,,,,,,,,,,,,,,,,,,,,,,,,,,,,,,,,,,,,,,,
78,Tehatta,6915,Tapas Kumar Saha,Ashutosh Paul,Subodh Chandra Biswas,,Rabindranath Halder,,NOTA,,Tarak Nath Biswas,,,,,,,,,Surya Biswas,,,,,,,,,,,,,,,,,,,,,,,,,,,,,,,,,,,,,,,,,,
79,Palashipara,51336,Dr. Manik Bhattacharya,Bibhash Chandra Mandal,S.M. Sadi,,Ramesh Barman,,NOTA,,Ratikanta Thakur,Maniruzzaman Mondal,,,,,,,,,,,,,,,,,,,,,,,,,,,,,,,,,,,,,,,,,,,,,,,,,,
80,Kaliganj,46987,NASIRUDDIN AHAMED (LAL),ABHIJIT GHOSH,,ABUL KASHEM,ABHIJIT GHOSH,,NOTA,,SUJATA MANDAL,MOHIUDDIN MONDAL,,,,,,,,,,,JAYANTA DAS,,,,,,,,,,,,,,,,,,,,,,,,,,,,,,,,,,,,,,,
81,Nakashipara,21271,Kallol Khan,Santanu Dey,Sukla Saha,,Tanmay Ganguli,,NOTA,,Amal Chandra Sarkar,Krishnachandra Debnath,,,,,Swapan Mondal,,Krishnapada Pramanik,,,,,,,,,,,,,,,,,,,,,,,,,,,,,,,,,,,,,,,,,,,
82,Chapra,12118,RUKBANUR RAHMAN,KALYAN KUMAR NANDI,JAHANGIR BISWAS (RAJU),,JEBER SEKH,KANCHAN MAITRA,NOTA,,ROKIBUL HOSSAIN MOLLA,MOZAMMEL HOSSAIN MONDAL,,,,,,,,,,,,,,,,,,,,,,,,,,,,,,,,,,,,,,,,,,,,,,,,,,
83,Krishnanagar Uttar,35089,KOUSHANI MUKHERJEE,MUKUL ROY,,SILVI SAHA,SADHAN KUMAR MANDAL,,NOTA,,ASHOKE CHANDRA DAS,JOYDIP CHAUDHURI,,,,,,,,DIPIKA PRAMANIK,,,,,,,,,,,,,,,,,,,,,,,,,,,,,,,,,,,,,,,,,,
84,Nabadwip,18571,PUNDARIKAKSHYA SAHA,SIDHARTHA SHANKAR NASKAR,SWARNENDU SINHA,,SOUMEN SAHA,,NOTA,,RAJNATH SARKAR,,,,,,,,,,,,,RAMKRISHNA HALDER,,,,,,,,,,,,,,,,,,,,,,,,,,,,,,,,,,,,,,
85,Krishnanagar Dakshin,9305,UJJAL BISWAS,MAHADEV SARKAR,BISWAS SUMIT,,ANANDA MODAK,,NOTA,,SWAPAN KUMAR SARKAR,,,,,,,,SANTU BHATTACHARYA,,,,,,,,,,,,,,,,,,,,,,,,,,,,,,,,,,,,,,,,,,,
86,Santipur,15878,AJOY DEY,JAGANNATH SARKAR,,RITZU GHOSAL,,,NOTA,,PROFULLA KUMAR ROY,NADIA CHAND BISWAS,,,,,,,,SUKDEB BISWAS,,,,,,,,,,,,,,,,,,,,,,,,SUFAL SARKAR,,,,,,,,,,,,,,,,,,
87,Ranaghat Uttar Paschim,23128,SANKAR SINGHA,PARTHASARATHI CHATTERJEE,,BIJAYENDU BISWAS (HABU),RATAN MALAKAR,,NOTA,,AMAL SARKAR,APARNA GUHA,,,,,,,,,,,,,,,,,,,,,,,,,,,,,,,,,SOURAV CHAKRABORTY,,,,,,,,,,,,,,,,,
88,Krishnaganj,21277,DR. TAPAS MANDAL,ASHIS KUMAR BISWAS,JHUNU BAIDYA,,ASHIS BISWAS,,NOTA,,DIPALI BISWAS,ASIT BARAN BISWAS,,,,,,,,SANAND ADHIKARY,,,,,,,,,,,,,,,,,,,,,,,,,,,,,,,,,,,,,,ANUP KUMAR MONDAL,,,,
89,Ranaghat Uttar Purba,31782,SAMIR KUMAR PODDAR,ASHIM BISWAS,,,APURBA LAL ROY,DINESH CHANDRA BISWAS,NOTA,,SANJIT KUMAR MANDAL,,,,,SAMIR KUMAR BISWAS,,,,SWADHIN BISWAS,,,,,,,,,,,,,,,,,,,,,,,,,,,,,,,,,,,,,,,,,,
90,Ranaghat Dakshin,16515,BARNALI DEY ROY,MUKUT MANI ADHIKARI,RAMA BISWAS,,,,NOTA,,PRASANTA BISWAS,NANIGOPAL MISTRI,,,,,,,,,,,,,,,,,,,,,,,,,,,,,,,,,,,,,,,,,,,,,,,,,,
91,Chakdaha,11680,Subhankar Singha (Jishu),Bankim Chandra Ghosh,Narayan Das Gupta,,Tapan Biswas,,NOTA,,Arun Majumdar,,,,,,,,,,,,Bidhan Ghosh,,,,,,,,,,,,,,,,,,,,,,,,,,,,,,,,,,,,,,,
92,Kalyani,2206,ANIRUDDHA BISWAS,AMBIKA ROY,SABUJ DAS,,AMIT KUMAR DAS,,NOTA,,GOUTAM MALO,,,,,,,,,,,,,,,,,,SANGRAM BISWAS,,,,,,,,,,,,,,,,,,,,,,,,,,,,,,,,,
93,Haringhata,15200,NILIMA NAG (MALLICK),ASIM KUMAR SARKAR,ALAKESH DAS,,NAYAN HALDER,,NOTA,,SAMIR BISWAS,Biplab Chandra Das,,,,,,,,HARISH CHANDRA BISWAS,,,,,,,,,MADHAB BISWAS,,,,,,,,,,,,,,,,,,,,,,,,,,,,,,,,,
94,Bagda,9792,Paritosh Kumar Saha,Biswajit Das,,Kirttaniya Prabir (Bapi),Pradip Kumar Biswas,,NOTA,,Santosh  Biswas,,,,,,,,,,,,,,,,,,,,,,,,,,,,,,,,,,,,,,,,,,,,,,,,,,,
95,Bangaon Uttar,10488,SHYAMAL ROY,ASHOK KIRTANIA,PIJUSH KANTI SAHA,,DINESH DAS,,NOTA,,SUNITI MALLICK,SHYAMSUNDAR HALDAR,,,,SUBRATA BISWAS,ARPITA MONDAL,,,,,,,,,,,,,,,,,,,,,,,,,,,,,,,,,,,,,,,,,,,,,
96,Bangaon Dakshin,2004,ALO RANI SARKAR,SWAPAN MAJUMDER,TAPAS KUMAR BISWAS,,ALOKE BAIN,,NOTA,,PRADIP KUMAR SARKAR,RABINDRA NATH BARAI,,,,,,,,,,,,,,,,,,,,,,,,,,,,,,,,,,,,,,,,,,,,,,,,,,
97,Gaighata,9578,NAROTTAM BISWAS,SUBRATA THAKUR,,,DR. SAJAL BISWAS,,NOTA,,BEAUTY SARKAR,NANIBALA BISWAS (DAS),,KAPIL KRISHNA THAKUR,,,,,,,,,,,,,,,,,,,,,,,,,,,,,,,,,,,,,,,,,,,,,,,,
98,Swarupnagar,34800,BINA MONDAL,BRINDABAN SARKAR,BISWAJIT MANDAL,,MRINMOY MONDAL,,NOTA,,,DEBABRATA BISWAS,,,,,,,,,,,,,,,,,,,,,,,,,,,,,,,,,,,,,,,,,,,,,,,,,,
99,Baduria,56444,ABDUR RAHIM QUAZI,SUKALYAN BAIDYA,,ABDUS SATTAR,SAFIKUL ISLAM DAFADAR,,NOTA,,GOPAL DAS,NITAI KRISHNA PAL,,,,,,,,,,,,,,,,,,,,,,,,,,,,,,,,,,,,,,,,,,,,,,,,,,
100,Habra,3841,JYOTI PRIYA MALLICK,BISWAJIT SINHA,RIJINANDAN BISWAS,,AMAR KRISHNA MANDAL,,NOTA,,SANTOSH BISWAS,PROBODH KUMAR SARKAR,,,,,,,,KISHOR BISWAS,,,,,,,,,,,,,,,,,,,,,,,,,,,,,,,,,,,,,,,,,,
101,Ashoknagar,23532,NARAYAN GOSWAMI,TANUJA CHAKRABORTY,,,TANUJA CHAKRABORTY,TAPAS BANERJEE,NOTA,,JAGADISH RAY,TARAK RAJAK DAS,,,,,,,,,,,,,,,,,,,,,,,,,,,,,,,,,,,ANGSHUMALI BARAI,,,,,,,,,,,,,,,
102,Amdanga,25480,RAFIQUR RAHAMAN,JOYDEV MANNA,,,RANJIT SANTRA,JAMAL UDDIN,NOTA,,SHAFIQUE ALI,GOUTAM BISWAS,,,,,,,,,,,,HARI PADA BISWAS,,,,,,,SAHAJAN ALI,,,,,,,,,,,,,,,,,,,,,,,,,,,,,,,
103,Bijpur,13347,SUBODH ADHIKARY,SUBHRANSHU ROY,SUKANTA RAKSHIT (BABIN),,SUDHANSU SAHA,,NOTA,,ARJUN KRISHNA BARAI,KALIPADA DEBNATH,,,,,,,,,,,,,,,,,,,,,,,,,,,,,,,,,,,,,,,,,,,,,,,,,,
104,Naihati,18855,PARTHA BHOWMICK,PHALGUNI PATRA,INDRANI KUNDU MUKHERJEE,,KANAI DAS,,NOTA,,PABITRA ROY,,,,,,,,,,,,,,,,,,,,,,,,,,,,,,,,,,,,,,,,,,,,,,,,,,,
105,Bhatpara,13687,JITENDRA SHAW (JITU),PAWAN KUMAR SINGH,,DHARMENDRA SHAW,VINOD KISHOR VERMA,,NOTA,,AJAY KUMAR RAM,PARTHA BHATTACHARYYA,,,,,,,,,,,,,,,,,,,,,,,,,,,,,,,,,,,,,,,,,,,,,,,,,,
106,Jagatdal,18364,SOMENATH SHYAM ICHINI,ARINDAM BHATTACHARYA,,,SUVAMAY PAN,,NOTA,NEMAI SAHA,KRISHNA CHANDRA SARKAR,RATANMOHAN LASKAR,,,,,,,,,,,,,,,,,,,,,,,,,,,,,,,,,,,,,,,,,,,,,,,BRAHMDEO GUPTA,,,
107,Noapara,26710,MANJU BASU,SUNIL SINGH,,SUBHANKAR SARKAR,RABISHANKAR PAUL,,NOTA,,RAJENDRA CHOUDHARY,,,,,,,,,,,,,,,,,,,,,,,,,,,,,,,,,,,,RANJIT BISWAS,,,,,,,,,,,,,,,
108,Barrackpur,9222,RAJU CHAKRABORTY (RAJ),CHANDRAMANI SHUKLA,DEBASISH BHOWMICK,,KUMAR BISHAL YADAB,,NOTA,,TAPASH SARKAR,,,,,,,,,,,,,,,,,,,,,,,,,,,,,,,,,,,,,,,,,,,,,,,,,,,
109,Khardaha,28140,KAJAL SINHA,SILBHADRA DATTA,DEBAJYOTI DAS (SUBHO),,BISWAJIT DAS,,NOTA,,SAMAR DAS,,,,,,,,,,,,,,,,,,,,,,,,,,,,,,,,,,,,,,,,,,,,,,,,,,,
110,Dum Dum Uttar,28499,CHANDRIMA BHATTACHARYA,DR. ARCHANA MAJUMDAR,TANMOY BHATTACHARYA,,,,NOTA,,SOVA HOWLADER,,,,,,,,,,,,SUNIL SINGH,,,,,,,,,,,,,,,,,,,,SANTANU MANDAL,,,,,,,,,,,,,,,,,,,
111,Panihati,25177,NIRMAL GHOSH,SANMOY BANDYOPADHYAY,,TAPAS MAJUMDER,IMRAN KHAN,,NOTA,,BHASKAR ROY,MANISHA DASGUPTA,,,,,,,,,,,,,,,,,,,,,,,,,,,,,,,,,,,,,,,,,,,,,,,,,,
112,Kamarhati,35408,MADAN MITRA,Anindya Banerjee,Sayandeep Mitra,,Satya Brata Bandyopadhyay,,NOTA,,,,,,,,,,,,,,,,,,,,BIDISHA ROYCHOWDHURY,,,,,,,,,,,,,,,Rajesh Sah,,,,,,,,,,,,,,,,,,
113,Baranagar,35147,TAPAS ROY,PARNO MITTRA,,AMAL KUMAR MUKHOPADHYAY,SUBRATA DE,,NOTA,,,,,,,,,,,,,,,,,,,,,,,,,,,,,,,,,,,,,SURAJIT GHOSH,,,,,,,,,,,,,,,,
114,Dum Dum,26731,BRTYA BASU,BIMALSHANKAR NANDA,PALASH DAS,,RUPA SARKAR,,NOTA,,SUBRATA KR. MAJUMDER,,,,,,,,,,,,RANA PAL CHOUDHURY,,,,,,,,,,,,,,,,,,,,,,,,,,,,,,,,,,,,,,,
115,Rajarhat New Town,56432,TAPASH CHATTERJEE,BHASKAR ROY  S/O - DULAL ROY,SAPTARSHI DEB,,SUBHENDU GHOSH,,NOTA,,BHASKAR ROY S/O - KRISHNA KANTA ROY,,,,,,,,,,,,,,,,,,,,,,,,,,,,,,,,,,,,,,,,,,,,,,,,,,,
116,Bidhannagar,7997,SUJIT BOSE S/O - LATE AJIT BOSE,SABYA SACHI DUTTA S/O - LATE GOURI SANKAR DUTTA,,ABHISEK BANERJEE,SAMIR SARDAR,,NOTA,,SMRITI KANA HOWLADER,,,,,,,,,,,,,,,,,,,,,,,,,,,,,,,,,,,,,,,,,,,,,,,,,,,
117,Rajarhat  Gopalpur,25296,ADITI MUNSHI,SAMIK BHATTACHARYA,SUBHAJIT DASGUPTA,,LALU NEYE,,NOTA,,,JAGANMOY KARMAKAR,,,,,,,,,,,RINA DEY,,,,,,,,,,,,,,,,,,,,,,,,,,,,,,,,,,,,,,,
118,Madhyamgram,48126,RATHIN GHOSH,RAJASREE RAJBANSHI,,,SAIFUDDIN MONDAL,BISWAJIT MAITY,NOTA,,HIMANGSHU MONDAL,BIPLAB DUTTA,,,,,,,,,,,,,,,,,,,,,,,,,,,,,,,,,,,,,,,,,,,,,,,,,,
119,Barasat,23783,CHIRANJEET CHAKRABARTI,SANKAR CHATTERJEE,,,TARUN DHAR,,NOTA,SANJIB CHATTOPADHYAY,SUNIL CHANDRA ROY,KSHAMA DEBNATH (PANDA),,,,,MOHAN LAL ADHIKARI,,,,,,,,,,,,,,,,,,,,,,,,,,,SUDARSHAN DAS,,,,,,,,,,,,,,,,,,
120,Deganga,32537,RAHIMA MONDAL,DIPIKA CHATTARJEE,,,,KARIM ALI,NOTA,MD. HASANOOR JAMAN CHOWDHURY,SATTAR ALI,AJOY SADHUKHAN,,,,,,,,,,,,,,,,,,MD. RAFIKUL ISLAM,,,,,,,,,,,,,,,,,,,,,,,,,,,,,,,,
121,Haroa,80978,ISLAM SK NURUL (HAJI),RAJENDRA SAHA (SOMU),,,MD KUTUBUDDIN,KUTUBUDDIN FATHE,NOTA,,,,,,,,,,,,,,,,,,,,,,AKHER ALI MOLLA,,,,ABUL KALAM,,,,,,,,,,,,,,,,,,,,,,,,,,,
122,Minakhan,55830,USHA RANI MONDAL,JAYANTA MONDAL,PRADYUT ROY,,,,NOTA,,,,,,,,,,,,,,,,,,,,,,,,,,,,,,,,,,,,,,,,,,,,,,,,,,,,,
123,Sandeshkhali,39685,SUKUMAR MAHATA,DR. BHASKAR SARDAR,,,HARISH CHANDRA SARDAR,BARUN MAHATO,NOTA,,,,,,,,,,,,,,,,,,,,,,,,,,,,,,,,,,,,,,,,,,,,,,,,,,,,,
124,Basirhat Dakshin,24468,DR. SAPTARSHI BANERJEE,TARAK NATH GHOSH,,AMIT MAJUMDAR,,,NOTA,,DEBASHIS SARKAR,AJAY KUMAR BAIN,,,,,,,,,,,,,,,,,,,,,,,AKTAR RASUL BACHHU,,,,,,,,,,,,,,,,,,,,,,,,,,,
125,Basirhat Uttar,89351,RAFIKUL ISLAM MONDAL,NARAYAN CHANDRA MONDAL,,,TASLIMA KHATUN,MD BAIJID AMIN,NOTA,,,,,,,,,,,,,,,,,,,,,,,,,,,,,,,,,,,,,,,,,,,,,,,,,,,,,
126,Hingalganj,24916,DEBES MANDAL,NEMAI DAS,,,KRISHNA GAYEN,,NOTA,,NIRMAL MUDI,,,RANJAN KUMAR MONDAL,,,,,,,,,,,,,,,,,,,,,,,,,,,,,,SANJIT MONDAL,,,,,,,,,,,,,,,,,,
127,Gosaba,23709,JAYANTA NASKAR,BARUN PRAMANIK (CHITTA),,,,,NOTA,,HARIPADA MANDAL,TAPAN MISTRI,ANIL CHANDRA MONDAL,,,,,,,,,,,,,,,,,,,,,,,,,,,,,,,,,,,,,,,,,,,,,,,,,
128,Basanti,50642,SHYAMAL MONDAL,RAMESH MAJHI,,,BISWAJIT MONDAL,,NOTA,,,NIMAI CHANDRA MONDAL,SUBHAS NASKAR,,,,,,,,,,,,,,,,,,,,,,,,,,,,,,,,,,,,,,,,,,,,,,,,,
129,Kultali,47177,Ganesh Chandra Mondal,Mintu Halder,Ram Sankar Halder,,Ratan Kumar Naskar,,NOTA,,KANAN BALA MONDAL,JAYKRISHNA HALDAR,,,,Kartick Mondal,,,,,,,,Bablu Sanfui,,,,,,,,,,,,,,,,,,,,,,,,,,,,,,,,,,,,,,
130,Patharpratima,22134,SAMIR KUMAR JANA,ASIT KUMAR HALDAR,,SHUKDEB BERA,,,NOTA,,,NARAYAN HALDAR,,,,,,,,,,,,,,,,,,,,,,,,,,,,,,,,,,,,,,,,,,,,SRIDHAR CHANDRA BAGARI,,,,,,
131,Kakdwip,25302,MANTURAM PAKHIRA,DIPANKAR JANA,,INDRANIL ROUT,,,NOTA,,PARBATI BHUNIA,JHANTU MAITY,,,,,,,,,,,,,,,,,,,,,,,,,,,,,,,,,,,,,,,,,,,,,,,,,,
132,Sagar,29846,BANKIM CHANDRA HAZRA,KAMILA BIKASH,SK MUKLESUR RAHAMAN,,,,NOTA,,,SWARAJ DAS,,,,,,,,,,,,,,,,,,,,,,,,,,,,,,,,,,,,,,,,,,,,,,,,,,
133,Kulpi,33818,JOGARANJAN HALDER,PRANAB KUMAR MALLIK,,,MRINMAY MANDAL,SIRAJ UDDIN GAZI,NOTA,,,RANAJIT SINGHA,,,,,,,,,,,,,,,,,,,,,,,,,,,,,,,,,,,,,,,,,,,,,,,,,,
134,Raidighi,35568,ALOKE JALDATA,SANTANU BAPULI,KANTI GANGULY,,SOUVIK BAPULI,,NOTA,,MINTU MISTRI,GUNASINDHU HALDAR,,,,,,,,,,,,,,,,,,,,,,,,,,,,,,,,,,,,,,,,,,,,,,,,,,
135,Mandirbazar,23492,JOYDEB HALDER,DILIP KUMAR JATUA,,,SUBESH KUMAR HALDER,SANCHAY KUMAR SARKAR,NOTA,,SOUMEN SARKAR,SISIR KUMAR MONDAL,,,,PARTHA HALDER,,,,,,,,,,,,,,,,,,,,,,,,,,MONGAL NASKAR,,,,,,,,,,,,,,,,,,,,
136,Jaynagar,38683,BISWANATH DAS,RABIN SARDAR,APURBA PRAMANIK (APU),,SWAPAN KUMAR NASKAR,,NOTA,,SANKAR DEB MONDAL,TARUN KANTI NASKAR,,,,MONOTOSH NASKAR,,,,,,,,UTPAL MANDAL,,,,,,,,,,,,,,,,,,AMITAV NASKAR,,,,,,,,,,,,,,,,,,,,
137,Baruipur Purba,49641,BIVAS SARDAR (VOBO),CHANDAN MONDAL,SWAPAN NASKAR,,SNEHASIS SAHA,,NOTA,,SANKAR DEB MONDAL,JOYDEV NASKAR,,,,,,,,,,,,,,,,,,,,,,,,,,,,,,,,,,,,,,,,,,,,,,,,,,
138,Canning Paschim,35243,Paresh Ram Das,ARNAB ROY,,PROTAP CHANDRA MONDAL,MEGHNATH HALDER,,NOTA,,,NARAYAN NASKAR,,,,,,,,,,,,,,,,,,,,,,,,,,,,,,,,,,,,,,,,,,,,,,,,,,
139,Canning Purba,53007,SAOKAT MOLLA,KALIPADA NASKAR,,,AJAY HALDAR,GAZI SHAHABUDDIN SIRAJI,NOTA,,,RAFIK AKUNJE,,,,,,,,,,,,,,,,,,,,,,,,,,,,,,,,,,,,,,,,,,,,,,,,,,
140,Baruipur Paschim,61910,BIMAN BANERJEE,DEBOPAM CHATTOPADHYAYA(BABU),MD LAHEK ALI,,RANESWAR DAS,,NOTA,,AJIT BAUL,,,,,,,,,,,,,,,,,,,,,,,,,,,,,,,,,,,,,,,,,,,,,,,,,,,
141,Magrahat Purba,54079,NAMITA SAHA,CHANDAN KUMAR NASKAR,CHANDAN SAHA,,SUDIPTA SANFUI,,NOTA,,,SANJAY MANDAL,,,,,,,,,,,,,,,,,,,,,,,,,,,,,,,,,,,,,,,,,,,,,,,,,,
142,Magrahat Paschim,46941,GIAS UDDIN MOLLA,DHURJATI SAHA (MANAS),,,HABUL KUMAR MANDAL,MAIDUL ISLAM MOLLA,NOTA,,,AHAMMAD SARDAR,,,,,,,,,,,,,,,,,HARAN BISWAS,,,,,,,,,,,,,,,,,,,,,,,,,,,,,,,,,
143,Diamond Harbour,16996,PANNALAL HALDER,DIPAK KUMAR HALDER,PRATIK UR RAHAMAN,,SAFIULLA KHAN,,NOTA,,GOLAM ALI SEKH,MONARAMA HALDER,,,,,,,,,,,,,,,,,,,,,,,,,,,,,,SACHINDRA NATH HALDER,,,,,,,,,,,,,,,,,,,,
144,Falta,40774,SANKAR KUMAR NASKAR,BIDHAN PARUI,,ABDUR RAZZAK MOLLA,M. RAQUIBUL HASAN MALLICK,,NOTA,,ATAL KUMAR PURKAIT,,,,,,,,,,,,,,,,,,,,,,,,,,,,,,,,,,,,,,,,,,,,,,,,,,,
145,Satgachhia,23318,MOHAN CHANDRA NASKAR,CHANDAN PAL,GOUTAM PAL,,DEBAJYOTI BASU,,NOTA,,SANJAY KUMAR SAH,SK RABIYAL,,,,,,,,,,,,,,,,,,,,,,,,,,,,,,,,,,,,,,,,,,,,,,,,,,
146,Bishnupur,58832,DILIP MONDAL,AGNISWAR NASKAR,JHUMA KAYAL,,UTTAM NASKAR,,NOTA,,RABINDRANATH RANJAN,,,,,,,,,,,,,,,,,,,,,,,,,,,,,,,,,,,,,,,,,,,,,,,,,,,
147,Sonarpur Dakshin,26181,ARUNDHUTI MAITRA (LOVELY),ANJANA BASU,,,SHAMPA DAS,,NOTA,,BIMAL KRISHNA MANDAL,DIBAKAR HALDER,,SHUVAM BANERJEE,,DEBASHIS RAKSHIT,SANJAY ROY,,,,,,,,,,,,,,,,,,,,,,,,,,,,,,,,,,,,,TRAYEE PRADHAN,,,,,,,,
148,Bhangar,26151,KARIM REZAUL,SOUMI HATI,,,NOUSHAR ALI MOLLA,MD. NAWSAD SIDDIQUE,NOTA,,,TAPAN GHOSH,,,,,,,,,,,,,MIRJA HASAN,,,,,,,,,,,,,,,,,,,,,,,,,,,,,,,,,,,,,
149,Kasba,63622,AHMED JAVED KHAN,DR. INDRANIL KHAN,SHATARUP GHOSH,,UMESH KR. SINGH,,NOTA,,,SHAMPA SARKAR,,,,,,,,,,,,,,,,,,,,,,,,,,,,,,,,,,,,,,,,,,,,,,,,,,
150,Jadavpur,38869,DEBABRATA MAJUMDAR (MALAY),RINKU NASKAR,Dr. SUJAN CHAKRABORTY,,MEGHA CHATTERJEE,,NOTA,,SUJOY NASKAR,,,,,,,,,,,,,,,,,,MONALISA GUPTA (DEBROY),,,,,,,,,,,,,,,,,,,,,,,,,,,,,,,,,
151,Sonarpur Uttar,36090,FIRDOUSI BEGUM,RANJAN BAIDYA,MONALISA SINHA,,SAMIR BHATTACHARYA,,NOTA,,AJIT BAUL,,,,,,,,,,,,,,,,,,,,,,,,,,,,,,,,,,,,,,,,,,,,,,,,,,,
152,Tollyganj,50080,AROOP BISWAS,BABUL SUPRIYO,DEBDUT GHOSH,,SUDIPTA SOM,,NOTA,,,DEBABRATA BERA,,,,,,,,,,,,,,,,,,,,,,,,,,,,,,,,,,,,,,,,,,,,,,,,,,
153,Behala Purba,37428,Ratna Chatterjee,Payel Sarkar,Samita Har Chowdhury,,Tulsi Rani Pramanik,,NOTA,,Rina Roy,Ashis Kumar Danda,,,,,,,,,,,,,,,,,,,,,,,,,,,,,,,,,,,,,,,,,,,,,,,,,,
154,Behala Paschim,50884,PARTHA CHATTERJEE,SRABANTI CHATTERJEE,NIHAR BHAKTA,,SANAT KUMAR BHAKAT,,NOTA,,AMAL DHALI,,,,,,,,,,,,,,,,,,,,,,,,,,,,,,,,,,,,,,,,,,,,,,,,,,,
155,Maheshtala,57949,DULAL CHANDRA DAS,UMESH DAS,PRAVAT CHOWDHURY,,SUBHENDU BARIK,,NOTA,,RINA DEBI,,,,,,,,,,,,,,,,,,,,,,,,,,,,,,,,,,,,,,,,,,,,,,,,,,,
156,Budge Budge,44714,ASHOK KUMAR DEB,DR. TARUN KUMAR ADAK,,SK MUJIBAR RAHAMAN,MUKUL CHANDRA JANA,,NOTA,,BHARAT LAL DAS,UTTAM PAL,,,,,,,,,,,,,,,,,,,,,,,,,,,,,,,,,,,,,,,,,,,,,,,,,,
157,Metiaburuz,119604,ABDUL KHALEQUE MOLLA,RAMJIT PRASAD,,,KRISHNENDU SENGUPTA,NURUZAMAN MOLLA,NOTA,,SAMSAD ALAM,,,,,,PRANATI PAUL,,,,,,,,,,,,,,,,,,FIROZA KHATUN,,,,,,,,,,,,,,,,,,,,SABNAM BIBI,,,,,,,
158,Kolkata Port,68554,Firhad Hakim,Awadh Kishore Gupta,,Md Mukhtar,Sanjay Dey,,NOTA,,Khan Sarfaraz,Sk Jayed Hossain,,,,,,,,,,Manjay Kumar Roy,,,,,,,,,,,,,,,,,,,,,,,,,,,,,,,,,,,,,,,,
159,Bhabanipur,28719,Sobhandeb Chattopadhyay,Rudranil Ghosh,,Md. Shadab Khan,Chandan Mallick,,NOTA,,Anita Rajwar,,,,,,,,,,,,,,,,,,,,,,,,,,,,,,,,,,,,,,,,,,,,,,,,,,,
160,Rashbehari,21414,DEBASISH KUMAR,LT. GEN. (DR.) SUBRATA SAHA,,ASHUTOSH CHATTERJEE,PREETAM KUNDU,,NOTA,,,SUSMITA PAL,,,,SWAPAN DAS,,,,,,,,,,,,,,,,,,,,,,,,,,,,,,ROMIT CHOWDHURY,,,,,,,,,,,,,,,,
161,Ballygunge,75359,Subrata Mukherjee,LOKENATH CHATTERJEE,Dr. Fuad Halim,,KAUSHIK GHOSHAL,,NOTA,,Rajendra Ram Das,,,,,,,,,ANIRBAN SAHA,,,CHHANDA SAHA,,,,,,,,SEKH SADIK HUSSAIN,,,,,,,,,,,,,,,,,,,,,,,,,,,,,,,
162,Chowrangee,45344,BANDYOPADHYAY NAYNA,DEVDUTTA MAJI,,SANTOSH KUMAR PATHAK,SUMANTA BHOWMICK,,NOTA,,SWAMINATH KORI,MANIKA PAUL,,,,,,,,,,ANIL KUMAR SINGH,,,,,,,,,,,,,,,,,,,,,,,,,,,,,,,,,,,,,,,AJAY KUMAR GUPTA,
163,Entally,58257,Swarna Kamal Saha,Priyanka Tibrewal,,,Prabir Dasgupta,Md. Iqbal Alam,NOTA,,Md. Fayaz,,,,,,,,,,,Md. Nurul Huda,Swarnalata Sarkar,,,,,,,,,,,,,,,,,,Goutam Prasad,,,,,,,,,,,,,,Md. Enayetullah Ansari,,,,,,,
164,Beleghata,67140,PARESH PAUL,KASHINATH BISWAS,RAJIB BISWAS,,SURENDAR TEWARI,,NOTA,,ARJUN KUMAR DAS,TARUN KUMAR DAS,,,,,,,,,,,,,,,,,,,,,,,,,,,,,,,,,,,,,,,,,BAPI PAUL,,,,,,,,,
165,Jorasanko,12743,VIVEK GUPTA,MEENA DEVI PUROHIT,,AJMAL KHAN,NAWAL MONDAL,,NOTA,,NIRMAL KANTI SAMADDAR,BIJNAN KUMAR BERA,,,,,,,,,,,,,,,,,,,,,,,,,,,,,,,,,,,,,,,,,,,,,,,,,,
166,Shyampukur,22520,Dr. SHASHI PANJA,SANDIPAN BISWAS,,,SURAJIT GHOSH,,NOTA,JIBAN PRAKASH SAHA,,,,,,,,,,,,,,,,,,,,,,,,,,,,,,,,,,,,,,,,,,,,,,,MUNNI MALI,,,,,
167,Maniktola,20238,Sadhan Pande,Kalyan Chaubey,Rupa Bagchi,,Nimai Nath,,NOTA,,Ajay Prajapati,,,,,Subir Das,,,,,,,,,,,,,,,,,,,,,,,,,,,,,Tarun Banerjee,,,,,,,,,,,,,,,,,
168,Kashipur-Belgachhia,35390,Atin Ghosh,Sibaji Sinha Roy,PRATIP DASGUPTA,,KUSH MAHALI,,NOTA,,SHIO KUMAR KHATIK,,,,,,,,,,,,,,,,,,,,,,,,,,,,,,,,,,,,,,,,,,,,,,,,,,,
169,Bally,6237,RANA CHATTERJEE,BAISHALI DALMIYA,DIPSITA DHAR,,RAJKUMAR DHANUK,,NOTA,,,PUTUL CHOWDHURY,,,,,,,,,,,,,,,,,,,,,,,,,,,,,,,,,,,,,,,,,,,,,,,,,,
170,Howrah Uttar,5522,GAUTAM CHOWDHURI,UMESH RAI,PAWAN KUMAR SINGH,,SUBHASH KUMAR SINGHI,,NOTA,,,,,,,,,,,,,,,,,,,,,,,,,,,,,,,,,,,,,GANESHLAL GUPTA,,,ASHOK KUMAR SHARMA,,,,,,,,,,,,RAJ KUMAR PASWAN,
171,Howrah Madhya,46547,"Arup Roy, S/o Late Prabhat Roy",Sanjay Singh,,Palash Bhandari,Samir Mondal,,NOTA,,,Shrirup Das,,,,,,,,,,Anamika Singh,,,,,,,,,,,,,,,,,,,,,,,,,,,,,,,,,,,,,,,,Chandrakant Jaiswal
172,Shibpur,32603,Manoj Tiwary,Rathin Chakrabarty,,,Surojit Das,,NOTA,Jagannath Bhattacharyya,,Kartick Shil,,,,,,,,,,,,,,,,,,,,,,,,,,,,,,,,,,,,,,,,,,,,,,,,,,
173,Howrah Dakshin,50569,NANDITA CHOWDHURY,RANTIDEV  SENGUPTA,SUMITRO ADHIKARY,,SUSHANTA MONDAL,,NOTA,,,TAPAS KUMAR  DAS,,,,,,,,,,AMIT KUMAR GHOSH,,,,,,,,,,,,,,,,,,,,,,,,,,,,,,,,,,,,,,,,
174,Sankrail,40427,PRIYA PAUL,PROBHAKAR PANDIT,SAMIR MALICK,,SAMIR SHIT,,NOTA,,,,,,,,,,,,,,,,,,,,,,,,,,,,,,,,,,,,,,,,,,,,,,,,,,,,,
175,Panchla,32751,GULSAN MULLICK,MOHIT LAL GHANTI,,,SHYAMAL MONDAL,ABDUL JALIL SK,NOTA,,,,,,,,AMAR CHATTERJEE,,,,,,,,,,,,,,,,,,,,,,,,,,,,,,,,,,,,,,,,,,,,,
176,Uluberia Purba,17126,BIDESH RANJAN BOSE,PRATYUSH MANDAL,,,SUSHANTA DOLUI,ABBAS UDDIN KHAN,NOTA,,,,,,,,,,,,,,,,,,,ANOWAR MALLICK,,,,,,,,,,,,,,,,,,,,,,,,,,,,,,,,,,
177,Uluberia Uttar,21003,Dr. Nirmal Maji,CHIRAN BERA,Ashok Dalui,,NIRAPADA PANDIT,,NOTA,,,,,,,,,,,,,,,,,,,,,,,,,,,,,,,,,,,,,,,,,,,,,,,,,,,,,
178,Uluberia Dakshin,28438,PULAK ROY,PAPIA DEY (ADHIKARY),,,AMAL KUMAR BARMAN,,NOTA,SK KUTUB UDDIN AHMED,,JAYANTA KHATUA,,,,,,,,,,,,,,,,RAM PROSAD GHORAI,,,,,,,,,,,,,,,,,,,,,,,,,,,,,,,,,,
179,Shyampur,31511,KALIPADA MANDAL,TNUSREE CHAKRABORTY,,AMITABHA CHAKRABORTI,SANKAR MANDAL,,NOTA,,,PRADIP MANDAL,,,,,,,,,,,,,,,,,,,,,,,,,,,,,,,,,,,,,,,,,,,,,,,,,,
180,Bagnan,30120,Arunava Sen (Raja),Anupam Mallik,Sk Bosir Ahmed,,Sanjit Patra,,NOTA,,,Pampa Sarkar Bera,,,,,,,,,,,,,,,,,,,,,,,,,,,,,,,,,,,,,,,,,,,,,,,,,,
181,Amta,26205,SUKANTA KUMAR PAUL,DEBTANU BHATTACHARYA,,ASIT MITRA,BISWANATH DAS,,NOTA,,,SANJEEB SANTRA,,,,,,,,,,,,,,,,,,,,,,,,,,,,,,,,,,,,,,,,,,,,,,,,,,
182,Udaynarayanpur,13998,SAMIR KUMAR PANJA,SUMIT RANJAN KARAR,,ALOKE KOLEY,ARNAB ADHIKARY,,NOTA,,,,,,,,,,,,,,,,,,,,,,,,,,,,,,,,,,,,,,,,,,,,,,,,,,,,,
183,Jagatballavpur,29196,SITANATH GHOSH,ANUPAM GHOSH,,,PANCHANAN MAHANTA,SK SABBIR AHMED,NOTA,,,,,,,,,,,,,,,,,,,GOBARDHAN MANNA,,,,,,,,,,,,,,,,,,,,,,,,,,,,,,,,,,
184,Domjur,42620,KALYAN GHOSH,RAJIB BANERJEE    S/O- LATE DHANANJOY BANERJEE,UTTAM BERA,,SUMANTA KAYAL,,NOTA,,,,,,,,,,,,,,RAJANI BEGUM,,,,,,,,,,,,,,,,,,,,,,,,,,,,,,,,,,,,,,,
185,Uttarpara,35989,KANCHAN MULLICK,PRABIR KUMAR GHOSAL,RAJAT BANERJEE (BAPPA),,RANJAN MUKHERJEE,,NOTA,,,,,,,,,,SOURAV ROY,,,,,,,,,,,,,,,,,,,,,,,,,,,,,,,,,,,,,,,,,,,
186,Sreerampur,23433,DR. SUDIPTO ROY,KABIR SHANKAR BOSE,,ALOK RANJAN BANERJEE,BISWANATH BHATTACHERJEE,,NOTA,,,SAMIR SARKAR,,,,,,,,,,,,,,,,,,,,,MANGAL SARKAR,,,,,,,,,,,,,,,,,,,,,,,,,,,,,
187,Champdani,30078,ARINDAM GUIN (BUBAI),DILIP SINGH,,ABDUL MANNAN,ARABIND KUMAR RABIDAS,,NOTA,,,,,,,,,,,,,,,,,,,,,,,,MANGAL SARKAR,,,,,,,,,,,,,,,,,,,,,,,,,,,,,
188,Singur,25923,BECHARAM MANNA,RABINDRANATH BHATTACHARYA,SRIJAN BHATTACHARYYA,,,,NOTA,,,SHANKAR JANA,,,,,,,,,,,,,,,,,,,,,,,,,,,,,,,,,,,,,,,,,,,,,,,,,,
189,Chandannagar,31029,INDRANIL SEN,DEEPANJAN KUMAR GUHA,GAUTAM SARKAR,,RATAN KUMAR CHATTERJEE (R.K.C),,NOTA,,,,,,,,,,,,,,,,,,,,,,,,,,,,,,,,,,,,,,,,,,,,,,,,,,,,,
190,Chunchura,18417,Asit Mazumder (Tapan),Locket Chatterjee,,,Kashinath Murmu,,NOTA,PRANAB KUMAR GHOSH,Goutam Mondal,,,,,,,,,,,,,,,AJIT KUMAR MURMU,,,,,,,,,,,,,,,,,,,Ajanta Sarkar,,,,,,,,,,,,,,,,,
191,Balagarh,5784,MANORANJAN BAPARI,SUBHAS CHANDRA HALDAR,MAHAMAYA MONDAL,,,,NOTA,,,SUKDEB BISWAS,,,,,,,,,,,,,,,,,,,,,,,,,,,,,,,,,,,,,,,,,,,,,,,,,,
192,Pandua,31858,Dr. Ratna De Nag,Partha Sharma,Amjad Hossain Sk.,,,,NOTA,,Mina Roy,Paban Mazumder,,,,,,,,,,,,Sk. Nasiruddin,,Balai Saren,,,,,,,,,,,,,,,,,,,,,,,,,,,,,,,,,,,,
193,Saptagram,9772,TAPAN DASGUPTA,DEBABRATA BISWAS,,PABITRA DEB,Subir Roy,,NOTA,,,,,,,,,,,,,,,,,,,,,,,,,,,,,,,,,,,,,,,,,,,,,,,,,,,,,
194,Chanditala,41347,SWATI KHANDOKER,DEBASHISH DASGUPTA(YASH D GUPTAA),MD. SALIM,,ABDUL RAHIM MOLLICK,,NOTA,,,,,,,,,,,,,,,,,,,,,,,,,,,,,,,,,,,,,,,,,,,,,,,,,,,,,
195,Jangipara,17926,SNEHASIS CHAKRABORTY,DEBJIT SARKAR,,,SK. SAMSUDDIN,SK. MAINUDDIN,NOTA,,,,,,,,,,,,,,,,,,,,,,,,,,,,,,,,,,,,,,,,,,,,,,,,,,,,,
196,Haripal,23072,Dr. Karabi Manna,Samiran Mitra,,,,Simal Saren,NOTA,,Totan Bag,Biswanath Ghosh,,,,,,,,,,,,,,,,,,,,,,,,,,,,,,,,,,,,,,,,,,,,,,,,,,
197,Dhanekhali,30159,ASIMA PATRA,TUSAR KUMAR MAJUMDAR,,ANIRBAN SAHA,,,NOTA,,,,,,,,,,SAJAL KUMAR DE,,,,,,,,,,,,,,,,,,,,,,,,,,,,,,,,,,,,,,,,,,,
198,Tarakeswar,7484,RAMENDU SINHARAY,Dr. Swapan Dasgupta,SURAJIT GHOSH,,Sukumar Khanra,,NOTA,,,,,,,,,,,,,,,,,,,,,,,,,,,Sanju Chakraborty,,,,,,,,,,,,,,,,,,,,,,,,,,
199,Pursurah,28178,DILIP YADAV,BIMAN GHOSH,,MONIKA MALIK GHOSH,CHIRANJIT BARIK,,NOTA,,,,,,,,,,,,,,,,,,,,,,,,,,,,,,,,,,,,,,,,,,,,,,,,,,,,,
200,Arambag,7172,SUJATA MONDAL,MADHUSUDAN BAG,SAKTI MOHON MALIK,,,,NOTA,,BANKIM CHANDRA SANTRA,,,,,,,,,,,,,,,,,,,,,,,,,,,,,,,,,,,,,,,,,,,,,,,,,,,
201,Goghat,4147,MANAS MAJUMDAR,BISWANATH KARAK,,,,,NOTA,SHIBA PRASAD MALICK,SAMIR ROY,,,,,,,,,,,,,,,,,,,,,,,,,,,,,,,,,,,,,,,,,,,,,,,,,,,
202,Khanakul,12884,MUNSI NAZBUL KARIM,SUSANTA GHOSH,,,CHANDAN SAMANTA,FAISAL KHAN,NOTA,,,,,,,,,,,,,,,,,,,,,,,,,,,,,,,,,,,,,,,,,,,,,,,,,,,,,
203,Tamluk,793,Saumen Kumar Mahapatra,Hare Krishna Bera,,,Bhim Patra,,NOTA,,,Jnanananda Roy,,Goutam Panda,,,Sulalit Mallick,,,,,,,,,,,,,,,,,,,,,,,,,,,,,,,,,,,,,,,,,,,,,
204,Panskura Purba,9660,Biplab Roy Chowdhury,Debabrata Pattanayek,Ibrahim Ali Sk,,Samir Hossain,,NOTA,,,Chandramohan Manik,,,,,Bimal Poria,,,,,,,,,,,Tarun Mandal,,,,,,,,,,,,,,,,,,,,,,,,,,,,,,,,,,
205,Panskura Paschim,8889,PHIROJA BIBI,SINTU SENAPATI,,,NARAYAN KINKAR MISHRA,,NOTA,,,SUNIL KUMAR JANA,,CHITTARANJAN DASTHAKUR,,,,,,,,,,PREETILATA DAS TEWARI,,,,,,,,,,,,,,,,,,,,,,,,,,,,,,,,,,,,,,
206,Moyna,1260,Sangram Kumar Dolai,Ashoke Dinda,,Manik Bhaumik,Mahammad Ali Sk,,NOTA,,Kamal Bag,Subrata Bag,,,,,,,,,,,,,,,,,,,,,,,,,,,,,,,,,,,,,,,,,,,,,,,,,,
207,Nandakumar,5406,SUKUMAR DE,ADHIKARY NILANJAN,KARUNA SANKAR BHOWMIK,,Marphat Ali Khan,,NOTA,,,Saumitra Pattanayak,,,,,,,,,,,,,,,,,,,,,,,,,,,,,,,,,,,,,,,,,,,,,,,,,,
208,Mahishadal,2386,TILAK KUMAR CHAKRABORTY,BISWANATH BANERJEE,,,PHAJLUR RAHAMAN SEK,BIKRAM CHATTERJEE,NOTA,,,TAPAN KUMAR MAITY,,,,,,,,,,,,,,,,,,,,,,,,,,,,,,,,,,,,,,,,,,,,,,,,,,
209,Haldia,15008,Swapan Naskar,Tapasi Mondal,Kar Paik Manika,,,,NOTA,,Subrata Ghorai,Narayan Pramanik,,,,,,,,,,,,,,,,,,,,,,,,,,,,,,,,,,,,,,,,,,,,,,,,,,
210,Nandigram,1956,Mamata Banerjee,ADHIKARI SUVENDU,Minakshi Mukherjee,,Swapan Parua,,NOTA,,,MANOJ KUMAR DAS,,,,,,,,,,,,,,,,,,,,,,,,,,,,,,,,,,,,,,,,,,,,,,,,,,
211,Chandipur,13472,Soham Chakraborty,Pulak Kanti Guria,Ashis Kumar Guchhait,,Arup Kumar Sahoo,,NOTA,,Biswanath Ghorai,Swapan Kumar Bhowmik,,,,,,,,,,,,,,,,,,,,,,,,,,,,,Bikash Chandra Das,,,,,,,,,,,,,,,,,,,,,
212,Patashpur,9994,UTTAM BARIK,AMBUJAKSHA MAHANTI,,,,,NOTA,,,SURJYENDU BIKASH PATRA,,SAIKAT GIRI,,,,,,,,,,,,,,,,,,,,,,,,,,,,,,,,,,,,,,,,,,,,,,,,
213,Kanthi Uttar,9330,TARUN KUMAR JANA,SUMITA SINHA,SUTANU MAITY,,PRABIR MISHRA,,NOTA,,,PANCHANAN DAS,,,,,,,,,,,,,,,,BISWANATH DAS,,,,,,,,,,,,,,,,,,,,,,,,,,,,,,,,,,
214,Bhagabanpur,27549,ARDHENDU MAITY,RABINDRANATH MAITY,,SHIU MAITI,,,NOTA,,,ASOKTARU PRADHAN,,,,,,,,,,,,,,,,,,,,,,,,,,,,,,,,,,,,,,,,,,,,,,,,,,
215,Khejuri,17965,PARTHA PRATIM DAS,SANTANU PRAMANIK,HIMANGSHU DAS,,,,NOTA,,,Somnath Mandal,,,,,,,,,,,,,,,,,,,,,,,,,,,,,,,,,,,,,,,,,,,,,,,,,,
216,Kanthi Dakshin,10293,JYOTIRMOY KAR,ARUP KUMAR DAS,,,,,NOTA,,,SHRABANI PAHARI,,ANURUP PANDA,,,,,,,,,,,,,,,,,,,,,,,,,,,,,,,,,,,,,,,,,,,,,,,,
217,Ramnagar,12517,AKHIL GIRI,SWADESH RANJAN NAYAK,SABYASACHI JANA,,,,NOTA,,,ARATI PAHARI,,,,,,,,,,,,,,,,,,,,,,,,,,,,,,,,,,,,,,,,,,TRAYEE PRADHAN,,,,,,,,
218,Egra,18491,TARUN KUMAR MAITY,ARUP DASH,,MANAS KUMAR KARMAHAPATRA,,,NOTA,,,JAGADIS SAU,,,,,,,,,,,,,,,,,,,,,,,,,,,,,,,,,,,,,,,,,,,,,,,,,,
219,Dantan,623,BIKRAM CHANDRA PRADHAN,Saktipada Nayak,,,,,NOTA,,,SUBHAS DAS,,SISIR KUMAR PATRA,,,,,,,,,,,,,,,,,,,,,,,,,,,,,,,,,,,,,,,,,,,,,,,,
220,Nayagram,22754,DULAL MURMU,BAKUL MURMU,HARIPADA SAREN,,BIDHAN CHANDRA SING,,NOTA,,SHYAM MANDI,KALICHARAN BESHRA,,,,,,,,,,,,,,,,,,,,,,,,,,,,,,,,,,,,,,,,,,,,,,,,,,
221,Gopiballavpur,23768,Dr. Khagendra Nath Mahata,Sanjit Mahata,Prasanta Kumar Das,,Subhas Mahata (Bula Babu),,NOTA,,Banamali Nayek,,,,,,,,,,,,,,,,,,,,,,,,,,,,,,,,,,,,,,,,,,,,,,,,,,,
222,Jhargram,38240,BIRBAHA HANSDA,SUKHAMAY SATPATHY (JAHAR),MADHUJA SEN ROY,,MADHUSUDAN SINGHA,,NOTA,,RAMKRISHNA SARKAR,ARCHANA SAIN,,,,,LAXMAN HANSDA,,,,,,,,,,,,,,,,,,,,,,,,,,,,,,,,,,,,,,,,,,,,,
223,Keshiary,15330,PARESH MURMU,SONALI MURMU SOREN,DR. PULIN BIHARI BASKE,,,,NOTA,,MITHUN MANDI,JHARESWAR ROUTH,,,,,,,,,,,,,,,,,,,,,,,,,,,,,,,,,,,,,,,,,,,,,,,,,,
224,Kharagpur Sadar,3771,PRADIP SARKAR,HIRANMOY CHATTOPADHYAYA,,REETA SHARMA,,,NOTA,,,SURANJAN MAHAPATRA,,,,,,,,,,,,,,,,,,,,D. MADHUSUDAN RAO,,,,,,,,,,,,,,,,,,,,,,,,,,,,,,
225,Narayangarh,2416,ATTA SURJA KANTA,RAMA PRASAD GIRI,TAPAS SINHA,,BANAMALI DAS,,NOTA,,,SHYAMA PADA JANA,,,,,,,,,,,,,,,,,,,,,,,,,,,,,,,,,,,,,,,,,,,,,,,,,,
226,Sabang,9864,MANAS RANJAN BHUNIA,AMULYA MAITY,,CHIRANJIB BHOWMIK,,,NOTA,,,Harekrishna Maiti,,,,,DEBASHIS BARMAN,,,,,,,,,,,,,,,,,,,,,,,,,,,,,,,,,,,,,,,,,,,,,
227,Pingla,6656,AJIT MAITY,ANTARA BHATTACHARYYA,,SAMIR ROY,,,NOTA,,,SISHIR KUMAR MANNA,,,,,,,,,,,,,,,,,,,,,,,,,,,,,,,,,,,,,,,,,,,,,,,,,,
228,Kharagpur,36230,DINEN ROY,TAPAN BHUYA,SYED SADDAM ALI,,,,NOTA,,,MANIK CHANDRA PARIA,,,,,BARSHA MAHAPATRA,,,,,,,,,,,,,,,SEKH ABDUR RAHAMAN,,,,,,,,,,,,,,,,,,,,,,,,,,,,,,
229,Debra,11226,HUMAYUN KABIR,BHARATI GHOSH,PRANKRISHNA MONDAL,,SUKANTA DAS,,NOTA,,,DIPANKAR MAITY,,,,,,,,,,,,,,,,,,,,,,,,,,,,,,,,,,,,,,,,,,,,,,,,,,
230,Daspur,26842,MAMATA BHUNIA,PRASANTA BERA,DHRUBA SEKHAR MANDAL,,,,NOTA,,,JAGADISH MONDAL ADHIKARY,,,,,,,,,,,,,,,,,,,,,,,,,,,,,,,,,,,,,,,,,,,,,,,,,,
231,Ghatal,966,SHANKAR DOLAI,SITAL KAPAT,KAMAL CHANDRA DOLUI,,TAPAN KUMAR DOLUI,,NOTA,,,ANJAN JANA,,,,,,,,,,,,,,,,,,,,,,,,,,,,,,,,,,,,,,,,,,,,,,,,,,
232,Chandrakona,11281,ARUP DHARA,SIBARAM DAS,,,SUDHIR ARI,GOURANGA DAS,NOTA,,,AKSHAY KHAN,,,,,,,,,,,,,,,,,,,,,,,,,,,,,,,,,,,,,,,,,,,,,,,,,,
233,Garbeta,10572,Uttara Singha (Hazra),Madan Ruidas,Ghosh Kumar Tapan,,Kutubuddin Khan,,NOTA,,,Tapas Kumar Mishra,,,,,,,,,,,,,,,,,,,,,,,,,,,,,,,,,,,,,,,,,,,,,,,,,,
234,Salboni,32644,Srikanta Mahata,Rajib Kundu,Ghosh Susanta,,Rasbihari Mahata,,NOTA,,,Paresh Chandra Dutta,,,,,Akshaya Kumar Mahata,,,,,,,,,,,,,,,Md. Kabirul Islam Khan,,,,,,,,,,,,,,,,,,,,,,,,,,,,,,
235,Keshpur,20720,Seuli Saha,Pritish Ranjan Kuar,Rameswar Doloi,,,,NOTA,,,,,,,,,,,,,,,,,,,,,,,,,,,,,,,,,,,,,,,,,,,,,,,,,,,,,
236,Medinipur,24397,June Maliah,Samit Kumar Dash,,,BISHWAJIT MAHATA,,NOTA,,,DEBASISH AICH,,TARUN KUMAR GHOSH,,,Sukesh Palmal,,,,,,,,,,,,,,,,,,,,,,,,,,,,,,,,,,,,,,,,,,,,,
237,Binpur,39494,DEBNATH HANSDA,PALAN SAREN,DIBAKAR HANSDA,,NITYALAL SING,,NOTA,,PATAL CHANDRA MURMU,RAJIB MUDI,,,,,,,,,,,,,,,,,,,,,,,,,,,,,,,,,,,,,,,,,,,,,,,,,,
238,Bandwan,18831,RAJIB LOCHAN SAREN,PARCY MURMU,BESRA SUSANTA KUMAR,,SIB SANKAR SINGH,,NOTA,,TIKARAM HEMBRAM,,,,,,,,,,,,,,,,,,,,,,,,,,,,,,,,,,,,,,,,,,,,,,,,,,,
239,Balarampur,423,SHANTIRAM MAHATO,BANESWAR MAHATO,,UTTAM KUMAR BANDYOPADHYAY,ASWINI SINGH SARDAR,,NOTA,,ANANDI TUDU,DIPAK KUMAR,,,,,,,,,,,,,,SITARAM HANSDA,,,,,,,,,,,,,,,,,,,,,,,,,SUBHASH MAHATO,,,,,,,,,,,
240,Baghmundi,13969,Sushanta Mahato,,,Nepal Chandra Mahato,,,NOTA,Debranjan Mahato,,Mrityunjoy Singh Babu,,,Ashutosh Mahato,,Pashupati Mahato,,,,,,,,,,,,,,,,,,,,,,,,,,,,,,,,,,,,,,,,,,,,,
241,Joypur,12200,,Nara Hari Mahato,,Phanibhushan Kumar,Dibyajoti Singh Deo,,NOTA,Dhirendra Nath Mahato,,Bhagirath Mahato,,,,,,,,,,,,,,,,,,,,,,,,,,Jawahar Lal Mahato,,,,,,,,,,,,,,,Tirthanath Mahata,,,,,,,,,
242,Purulia,7018,Sujoy Banerjee,Sudip Kumar Mukherjee,,PARTHA PRATIM BANERJEE,Birendranath Mahato,,NOTA,,Manas Sardar,Rani Mahato,,,,,Harendra Nath Mahato,,,,,,,,,,,,,,,,,,,,,,,,,,,,,,,,,,,,,,,,,,,,,
243,Manbazar,15516,SANDHYARANI TUDU,GOURI SINGH SARDAR,YAMINIKANTA MANDI,,SWAPANKUMAR MURMU,,NOTA,,PURNA CHANDRA TUDU,,,,,,,,,,,,,,,,,,,,,,,,,,,,,,,,,,,,,,,,,,,,,,,,,,,
244,Kashipur,7387,SWAPAN KUMAR BELTHARIA,KAMALAKANTA HANSDA,MALLIKA MAHATA,,,,NOTA,,,DIPAK MAHATO,,,,,NARENDRA NATH MAHATA,,,,,,,,,,,,,,,,,,,,,,,,,,,,,,,,,,,,,,,,,,,,,
245,Para,4007,UMAPADA BAURI,NADIAR CHAND BOURI,SWAPAN KUMAR BAURI,,SWAPAN BAURI,,NOTA,,SUDARSHAN RAJWAR,JAGANNATH BAURI,,,,,,,,,,,,,,,,,,,,,,,,,,,,,,,,,,,,,,,,,,,,,,,,,,
246,Raghunathpur,5438,Bouri Hazari,Vivekananda Bauri,Ganesh Bouri,,Sumanta Bouri,,NOTA,,Bouri Parimal,Pashupati Roy,,,,,,,,,,,,,,,,,,,,,,,,,,,,,,,,,,,,,,,,,,,,,,,,,,
247,Saltora,4145,SONTOSH KUMAR MONDAL,BAURI CHANDANA,NANDADULAL BAURI,,,,NOTA,,,DIPEN BAURI,,,,ADITYA KUMAR BAURI,,,,,,,,,,,,,,,,,,,,,,,,,,,,,,,,,,,,,,,,,,,,,,
248,Chhatna,7164,SUBASISH BATABYAL,SATYANARAYAN MUKHOPADHYAY,,,RABINDRANATH BOURI,,NOTA,,,SADANANDA MANDAL,FALGUNI MUKHERJEE,,,BAURI DINABANDHU,,,,,,,,,,,,,,,,,,,,,,,,,,,,,,,,,,,,,,,,,,,,,,
249,Ranibandh,3939,Jyotsna Mandi,Kshudiram Tudu,Deblina Hembram,,Biswanath Sardar,,NOTA,,,Goutam Kumar Mudi,,,,Fulchand Hansda,,,Sudhir Kumar Murmu,,,,,,,,,,,,,,,,,,,,,,,,,,,,,,,,,,,,,,,,,,,
250,Raipur,19398,MRITYUNJOY MURMU,SUDHANSHU HANSDA,,,SUKCHAND SAREN,MILAN MANDI,NOTA,,,SHYAMAPADA MUDI,,,,,,,,,,,,,,,,,,,,,,,,,,,,,,,,,,,,,,,,,,,,,,,,,,
251,Taldangra,12377,ARUP CHAKRABORTY,SHYAMAL KUMAR SARKAR (BENU),MANORANJAN PATRA,,SANDIP KUMAR DEY,,NOTA,,,SUBHENDU MAHATA,,,,SANJAY BAURI,,,,,,,,,,,,,,,,,,,,,,,,,,,,,,,,,,,,,,,,,,,,,,
252,Bankura,1468,SAYANTIKA BANERJEE,NILADRI SEKHAR DANA,,RADHARANI BANERJEE,SWADESH MANDAL,,NOTA,,SADHAN CHATTARAJ,LINA GHOSH,,,,HULU KSHETRAPAL,,,,,,,,,,,,,,,,,,,,,,,,,,,,,,,,,,,,,,,,,,,,,,
253,Barjora,3269,ALOK MUKHERJEE,SUPRITI CHATTERJEE,SUJIT CHAKRABORTY,,TARANI ROY,,NOTA,,,SUDARSHAN ADHIKARI,,,,BABLU GORAI,,,,,,,,,,,,,,,,,,,,,,,,,,,,,,,,,,,,,,,,,,,,,,
254,Onda,11551,ARUP KUMAR KHAN,AMARNATH  SHAKHA,,,KRISHNA CHANDRA BAURI,,NOTA,TARAPADA CHAKRABARTI,,APURBA MONDAL,,,,,,,NIRMAL (BABLU) BANERJEE,,,,,,BIKASH PATRA,,,,,,,,,,,,,,,,,,,,,,,,,,,,,,,,,,,,,
255,Bishnupur,11420,ARCHITA BID,TANMAY GHOSH (BUMBA),,DEBU CHATTERJEE,BAIDYANATH ROY,,NOTA,,,SHASHIBHUSAN BANERJEE,,,,BASUDEB SIKARI,,,,,,,,,,,,,,,,,,,,,,,,,,,,,,,,,,,,,,,,,,,,,,
256,Katulpur,11785,SANGEETA MALIK,HARAKALI PROTIHER,,AKSHAY SANTRA,,,NOTA,,HARU ROY,MOHAN SANTRA,,,,,,,,,,,,,,,,,,,,,,,,,,,,,,,,,,,,,,,,,,,,,,,,,,
257,Indus,7220,RUNU METE,NIRMAL KUMAR DHARA,NAYAN KUMAR SHILL (BAGDI),,,,NOTA,,,,,,,,,,,,,,,,,,,,,,,,,,,,,,,,,,,,,,,,,,,,,,,,,,,,,
258,Sonamukhi,10888,DR. SHYAMAL SANTRA,DIBAKAR GHARAMI,AJIT RAY,,ASIM KUMAR MANDAL,,NOTA,,,AVRANIL MANDAL,,,,,,,,,,,,,,,,,,,,,,,,,,,,,,,,,,,,,,,,,,,,,,,,,,
259,Khandaghosh,20886,NABIN CHANDRA BAG,BIJAN MANDAL,ASIMA ROY,,,,NOTA,,PROTUL BISWAS,,,,,BASUDEB RUIDAS,,,,,,,,,,,,,,,,,,,,,,,,,,,,,,,,,,,,,,,,,,,,,,
260,Burdwan Dakshin,8105,KHOKAN DAS,SANDIP NANDI,PRITHA TAH,,ARINDAM GHOSH,,NOTA,,PUSPA HANSDA,ANIRUDDHA KUNDU,,,,LUXMI NARAYAN KORA,,,,,,,,,,,,,,,,,,,,,,,,,,,,,,RAJIB PASWAN,,,,,,,,,,,,,,,,
261,Raina,18205,Shampa Dhara,Manik Roy,Basudeb Khan,,,,NOTA,,Pallab Biswas,,,,,Rabi Routh,,,,,,,,,,,,,,,,,,,,,,,,,,,,,,,,,,,,,,,,,,,,,,
262,Jamalpur,17971,ALOK KUMAR MAJHI,BALARAM BAPARI,SAMAR HAZRA,,,,NOTA,,GAURHARI PATRA,,,,,KARTIK KSHETRAPAL,,,TARUN KANTI MAJHI,,,,,,,,,,,,,,,,,,,,,,,,,,,,,,,,,,,,,,,,,,,
263,Monteswar,31805,CHOWDHURY SIDDIQULLAH,SAIKAT PANJA,ANUPAM GHOSH,,,,NOTA,,,,,,,,,,ANSARUL AMAN MONDAL (BABU),,,,,,,,,,NASIMUL GANI SAYED,,,,,,,,,,,,,,,,,,,,,,,,,,,,,,,,,
264,Kalna,7478,DEBOPRASAD BAG (POLTU),BISWAJIT KUNDU,NIRAB KHAN,,,,NOTA,,RADHESYAM MANDAL,KALI CHARAN SARDAR,,,,,,,,,,,,,,,,,,,,,,,,,,,,,,,,,,,,,,,,,,,,,,,,,,
265,Memari,23078,MADHUSUDAN BHATTACHARYA,BHISMADEB BHATTACHARYA,SANAT BANERJEE,,MANAB BANERJEE,,NOTA,,KALPANA MANDAL,,,,,TARUN KUMAR DHALI,,,,,,,,,,,,,,,,,,,,,,,,,,,,,,,,,,,,,,,,,,,,,,
266,Burdwan Uttar,17268,NISITH KUMAR MALIK,RADHA KANTA ROY,CHANDI CHORAN LET,,,,NOTA,,RAMKRISHNA MALIK,,,,,,,,,,,,,,,,,,,,,,,,,,,,,,,,,,,,,,,,,,,,,,,,,,,
267,Bhatar,31741,ADHIKARI MANGOBINDA,MAHENDRANATH KOWAR,NAZRUL HAQUE,,NAZRUL ISLAM,,NOTA,,SUKUL SAREN,,,,,,,,,,,,,MAINUDDIN SAH,,,,,,,,,,,,,,,,,,,,,,,,,,,,,,,,,,,,,,
268,Purbasthali Dakshin,17410,SWAPAN DEBNATH,RAJIB KUMAR BHOWMICK,,ABHIJIT BHATTACHARYYA,,,NOTA,,SURAJIT MONDAL,,,,,,,,,SANTOSH KUMAR ADHIKARY,,,,,,,,,,,,,,,,,,,,,,,,,,,,,,,,,,,,,,,,,,
269,Purbasthali Uttar,6706,TAPAN CHATTERJEE,GOBARDHAN DAS,PRADIP KUMAR SAHA,,SAMILAN SUTRADHAR,,NOTA,,KESTO ROY,,,,,,,,,BIBHAS DAS,,,,,,,,,,,,,,,,,,,,,,,,,,,,,,,,,,,,,,,,,,
270,Katwa,9155,Rabindranath Chatterjee,Shyama Majumdar,,Prabir Ganguli,,,NOTA,,Paritosh Chair,Apurba Chakraborty,,,,,,,,,,,,,,,,,,,,,,,,,,,,,,,,,,,,,,,,,,,,,,,,,,
271,Ketugram,12683,Sekh Sahonawez,Anadi Ghosh (Mathura),Mizanul Kabir (Dhiraj),,,,NOTA,,Dr. Manik Chandra Pradhan,Satya Narayan Mondal,,,,,,,,,,,,,,,,,,,,,,,,,,,,,,,,,,,,,,,,,,,,,,,,,,
272,Mongalkote,22337,Apurba Chowdhury (Achal),Rana Protap Goswami,Choudhury Sahajahan,,,,NOTA,,ABDUS SABUR SK,Rasik Saren,,,,,,,,,,,,,,,,,,,,,,,,,,,,,,,,,,,,,,,,,,,,,,,,,,
273,Ausgram,11815,ABHEDANANDA THANDER,KALITA MAJI,CHANCHAL KUMAR MAJHI,,,,NOTA,,SRIDAM GOLDAR,MANASA METE,,,,,,,,,,,,,,,,,,,,,,,,,,,,,,,,,,,,,,,,,,,,,,,,,,
274,Galsi,19262,NEPAL GHORUI,BIKASH BISWAS,,,,,NOTA,NANDALAL PONDIT,SANDIP SARKAR,,,,,,,,,,,,,,,,,,,,,,,,,,,,,,,,,,,,,,,,,,,,,,,,,,,
275,Pandabeswar,3803,NARENDRANATH CHAKRABORTY,KUMAR JITENDRA  TEWARI,SUBHAS BAURI,,SANJAY YADAV,,NOTA,,RAKESH KUMAR DAS,DANA GOSWAMI,,,,ATUL CHANDRA BAURI,,,,,,,,,,,,,,,,,,,,,,,,,,,,,,,,,,,,,,,,,,,,,,
276,Durgapur Purba,3746,PRADIP MAZUMDAR,COLONEL DIPTANSU CHAUDHURY,ABHAS RAY CHAUDHURI,,DIPAK DHALI,,NOTA,,SURESH PRASAD,JUGAL KRISHNA PAKHIRA,,,,,AMAL CHAKRABORTY,,,,,,,,,,,,,,,,,,,BIJOY LAXMI PANDEY,,,,,,,,,,,,,,,,,,,,,,,,,,
277,Durgapur Paschim,14664,BISWANATH PARIAL,LAKSHMAN CHANDRA GHORUI,,DEBESH CHAKRABORTY,NAYAN MONDAL,,NOTA,,PRABHUNATH SAH,SOMNATH BANERJEE,,,,,,,,,,SANJIBAN HAZRA,,,,,,,,,,,,,,SANDIP SIKDER,,,,,,,,,,,,,,,,,,,,,,,,,,
278,Raniganj,3556,TAPAS BANERJEE,DR. BIJAN MUKHERJEE,HEMANT KUMAR PRABHAKAR,,,,NOTA,,AVIJIT BOWRI,,,,,NILKANTHA BAURI,,,,NIRAJ RAJAK,,RAJ KUMAR,,,,,,,,,,,,,,,,,,,,,,,,,,,,,,,,,,,,,,,,
279,Jamuria,8051,HARERAM SINGH,TAPAS KUMAR ROY,AISHE GHOSH,,,,NOTA,,BHANU PRATAP SHARMA,,,,,LAKHIRAM HANSDA,,,,,,GOURI SANKAR BANERJEE,,,,,,,,,,,,,,,,,,,,,,,,,,,,,,,,,,,,,,,,
280,Asnsol Dakshin,4487,SAYANI GHOSH,AGNIMITRA PAUL,PRASANTA GHOSH,,,,NOTA,,SINGHASAN PASWAN,,,,,SHIULI RUIDAS,,,,,,,,,,,,,,,,,,,,,,,,,,,,,,,,,,,,,,,,,,,,,,
281,Asansol Uttar,21110,Ghatak Moloy,Krishnendu Mukherjee,,,Sunil Thakur,Mohammad Mustaqim,NOTA,,,Sanjoy Chatterjee,,,,,,,,,Danish Aziz,,,,,,,,,,,,,,,,,,,,,,,,,,,,,,,,,,,,,,,,,
282,Kulti,679,UJJAL CHATTERJEE,AJAY  KUMAR PODDAR,,CHANDI DAS CHATTERJEE,SURAJ KEWAT,,NOTA,,BAPI KUMAR RABIDAS,,,,,ARUN RAJAK,,,,,,,,,,,,,,,,,,,,,,,,,,,,,,,,,,,,,,,,,,,,,,
283,Barabani,23457,BIDHAN UPADHYAY,ARIJIT ROY,,RANENDRA NATH BAGCHI,PABAN NUNIA,,NOTA,,,DEBSHWAR BESRA,,,,SANJAY MAJHI,,,,,,,,,,,,,,,,,,,,,,,,,,,,,,,,,,,,,,,,,,,,,,
284,Dubrajpur,3863,Debabrata Saha,Anup Kumar Saha,,,,,NOTA,BIJOY BAGDI,Bhaskar Das,,,,,Sanjay Das,,,,,,,,,,,,,,,,,,,,,,,,,,,,,,,,,,,,,,,,,,,,,,
285,Suri,7320,BIKASH ROYCHOUDHURY,CHATTOPADHYAY JAGANNATH,,CHANCHAL CHATTERJEE,DHANANJOY MAZUMDAR,,NOTA,,KHURSHID ALAM,NITAI ANKUR,,,,,,,,,,,,,,,,,,,,,,,,,,,,,,,,,,,,,,,,,,,,,,,,,,
286,Bolpur,22280,SINHA CHANDRANATH,ANIRBAN GANGULY,,,,,NOTA,,JITEN RAY,SAMARJIT BARMAN,TAPAN HORE,,,SONA MURMU,,,,,,,,,,,,,,,,,,,,,,SK SIRAJUL HOQUE,,,,,,,,,,SIDDHARTHA BANERJEE,,,,MIHIR KUMAR BANERJEE,,,,,,,,,,
287,Nanoor,6670,BIDHAN CHANDRA MAJHI,TARAKESWAR SAHA,SHYAMALI PRADHAN,,,,NOTA,,CHANDIPADA DAS,,,,,,,,,,,,,,,,,,,,,,,,,,,,,,,,,,,,,,,,,,,,,,,,,,,
288,Labhpur,17975,ABHIJIT SINHA (RANA),BISWAJIT MONDAL,SYED MAHFUZUL KARIM,,ISLAM MONIRUL,,NOTA,,MURMU SUNIL,,,,,,TAPAS MONDAL,,,BAHADUR GHOSH,,,,,,,,,,,,,,,,,,,,,,,,,,,,,,,,,,,,,,,,,,
289,Sainthia,15243,NILABATI SAHA,PIYA SAHA,MAUSUMI KONAI,,,,NOTA,,TARAPADA BADYAKAR,NABA KUMAR DAS,,,,,,,,,,,,,,,,,,,,,,,,,,,,,,,,,,,,,,,,,,,,,,,,,,
290,Mayureswar,12075,ABHIJIT ROY,Shyamapada Mondal,,,,KASHINATH PAL,NOTA,,GOPAL SARKAR,,,,,,,,,,,,,,,,,,,,,,,,,,,,,,,,,,,,,,,,,,,,,,,,,,,
291,Rampurhat,8472,ASISH BANERJEE,SUBHASIS CHOUDHURY (KHOKAN),SANJIB BARMAN (GOPI),,,,NOTA,,BIPAD TARAN DOM,FORIDA YASMIN (KEYA),,,,,,,,,,,,,,,,,,,,,IBANE RASUL (ANGUR MIYA),,,,,,,,,,,,,,,,,,,,,,,,,,,,,
292,Hansan,50613,Dr. ASOK KUMAR CHATTOPADHYAY,NIKHIL BANERJEE,,MILTAN RASID,,,NOTA,,SUSHEN DAS,JUTHIKA DHIBAR,,,,,,,,,,,,,,,,,,,,,,,,,,,,,,,,,,,,,,,,,,,,,,,,,,
