Constituency ID,Constituency_Name,Winning_Margin,All India Trinamool Congress,Bharatiya Janata Party,Communist Party of India  (Marxist),Indian National Congress,Independent,Rashtriya Secular Majlis Party,None of the Above,All India Forward Bloc,Bahujan Samaj Party,SOCIALIST UNITY CENTRE OF INDIA (COMMUNIST),Revolutionary Socialist Party,Communist Party of India,AJSU Party,Bahujan Mukti Party,Amra Bangalee,Kamatapur People’s Party (United),Communist Party of India  (Marxist-Leninist)  (Liberation),Purvanchal Mahapanchayat,All India Majlis-E-Ittehadul Muslimeen,Janata Dal  (United),Bharatiya Nyay-Adhikar Raksha Party,Lok Jan Shakti Party,Communist Party of India (Marxist-Leninist) Red Star,Ambedkarite Party of India,SOCIAL DEMOCRATIC PARTY OF INDIA,Indian Unity Centre,Party for Democratic Socialism,Welfare Party Of India,United Socialist Party,Humanity Universal Motion Party,Bahujan Maha Party,National People's Party,"Justice and Development Party,",Republican Party of India (Athawale),Bhartiya Tribal Party,Mulnibasi Party of India,Indian Union Muslim League,Progressive People's Party,West Bengal Socialist Party,Republican Party of India (A),Democratic Socialist Party of India,Jan Sangh Party,Socialist Party (India),National Republic Party Of India,Guru Chand Mukti Morcha,Paradise Party,Hindustani Awam Morcha (Secular),Samajwadi Jan Parishad,Bharateeya Manavadhikar party,Rashtravadi Janata Party,Akhil Bharat Hindu Mahasabha,Right to Recall Party,All India Minorities Front,Lok Samya Party,Sajag Samaj Party,New Democratic Party of India,Revolutionary Socialist Party of India(Marxist),Jamat-E-Seratul Mustakim,Bharatiya Momin Front,Vikas India Party
,,5729559,28471486,22741927,2837276,1739844,947779,813489,643418,297604,233437,224594,126121,118655,61936,45120,33372,18338,17946,11118,10852,10554,7015,6920,6410,6139,4988,4819,4673,4564,4459,4147,3980,3880,3724,3410,3239,2728,2372,2247,2163,2129,2059,1966,1946,1940,1939,1938,1650,1377,1170,1169,819,777,658,498,409,367,260,241,166,154
1,Mekliganj,14685,99338,84653,,,955,,2447,6853,1025,1768,,,,,400,794,,,,,,,,,,,,,,,,,,,,,,,,,,,,,,,,,,,,,,,,,,,,
2,Mathabhanga,26134,87115,113249,7718,,1167,,1443,,,589,,,,,486,1289,,,,,,,,,,,,,,,,,,,,,,,,,,,,,,,,,,,,,,,,,,,,
3,COOCHBEHAR UTTAR,14615,105868,120483,,,1379,,1570,11475,,1386,,,,,628,1127,,,,,,,,,,,,,,,,,,,,,,,,,,,,,,,,,,,,,,,,,,,,
4,Cooch Behar Dakshin,4931,86629,91560,,,1485,,1464,10246,1419,1138,,,,,329,,,,,,,,,,,,,,,,,,,,,,,,,,,,,,,,,,,,,,,,,,,,,
5,Sitalkuchi,17815,107140,124955,6720,,2018,,2743,,,693,,,,,721,976,,,,,,,,,,,,,,,,,,,,,,,,,,,,,,,,,,,,,,,,,,,,
6,Sitai,10112,117908,107796,,3964,2391,,1577,,,1381,,,,,369,,,,,,,550,,,,,,,,,,,,,,,,,,,,,,,,,,,,,,,,,,,,,,
7,Dinhata,57,115978,116035,,,1387,,1537,6069,,1375,,,,,,,,,,,,,,,,,,,,,,,,,,,,,,,,,,,,,,,,,,,,,,,,,,
8,Natabari,23440,88303,111743,11839,,1341,,1146,,,1186,,,,,1110,,,,,,,,,,,,,,505,,,,,,,,,,,,,,,,,,,,,,,,,,,,,,,
9,Tufanganj,31198,83305,114503,,5973,1461,,2069,,,491,,,,,423,,,,,,,,,,,,,,,,,,,,,,,,,,,,,,,,,,,,,,,,,,,,,
10,Kumargram,11001,100973,111974,,,1781,,2718,,,,11253,,,740,,1651,,,,1399,,,,,,,,,,,,,,,,,,,,,,,,,,,,,,,,,,,,,,,,
11,Kalchini,28576,74528,103104,,5482,2425,,2377,,,,,,,479,,,,,,423,,1164,,,,,,,,,,803,,,,,,,,,,,,,,,,,,,,,,,,,,,,
12,Alipurduars,16007,91326,107333,,15651,2351,,1981,,,1111,,,,,,,,,,,,,,,,,,,,,,,,,,,,,,,,,,,,,,,,,,,,,,,,,,
13,Falakata,3990,99003,102993,10772,,1678,,1970,,,613,,,,,449,,,,,,,,,,,,,,,,,,,,,,,,,,,,,,,,,1377,,,,,,,,,,,,
14,Madarihat,29685,61033,90718,,,,,2622,,1696,967,7072,,,,,,,,,,,,,,,,,,,,,1272,,,1540,,,,,,,,,,,,,,,,,,,,,,,,,
15,Dhupguri,4355,100333,104688,13107,,2169,,1984,,2178,1613,,,,,,2155,,,,,,,,,,,,,,,,,,,,,,,,,,,,,,,,,,,,,,,,,,,,
16,Maynaguri,11911,103395,115306,,,1079,,3095,,1550,745,5760,,,,740,2868,1555,,,,,,,,,,,,,,,,,,,,,,,,,,,,,,,,,,,,,,,,,,,
17,Jalpaiguri,941,95668,94727,,24228,1556,,3381,,1609,898,,,,,1011,,,,,,,,,,,,,,,,,,,,,,,,,,,,,,,,,,,,,,,,,,,,,
18,Rajganj,15773,104641,88868,12108,,1146,,3175,,1510,1605,,,,,842,1860,,,,,,,,,,,,,,,,,,,,,,,,,,,,,,,,,,,,,,,,,,,,
19,Dabgram-Fulbari,27593,101495,129088,17998,,1391,,3379,,1395,547,,,,,650,,,,,,,,,,,,,,,,,,,,,,,,,881,,,,,,,,,,,,,,,,,,,,
20,Mal,5465,99086,93621,10929,,1912,,4699,,,3008,,,,,,,,,,,,,,,,,,,,,,,,,,,,,,,,,,,,,,,,,,,,,,,,,,
21,Nagrakata,23475,71247,94722,,12442,3283,,5454,,,,,,,,,,,,,,,,,,,,,,,,,,,,,,,2247,,,,,,,,,,,,,,,,,,,,,,
22,Kalimpong,3870,,54336,,1715,58206,,2160,,,,,,,,,,,,,,,,,,,,,,,,,1805,,,,,,,,,,,,,,,,,,,,,,,,,,,,
23,Darjeeling,21276,,68907,1913,,47631,,2540,,,,,,,,,,,,,,,,,,,,,,,,,,,,,,,,,,,,,,,,,,,,,,,,,,,,,
24,Kurseong,15515,,73475,2545,,57960,,2417,,,,,,,,,,,,,,,,,,,,,,,,,,,,,,,,,,,,,,,,,,,,,,,,,,,,,
25,Matigara-Naxalbari,70848,68937,139785,,23060,2046,,3912,,1577,1274,,,,,,,,,,,,,,,,,,,,,,,,,,,,,,,,,,,,,,,,,,,,,,,,,,
26,Siliguri,35586,53784,89370,28835,,957,,2074,,1255,379,,,,,594,,,,,447,,,,,,,,,,,,,,306,,,,,,649,,,,,,,,,,,,,,,,,,,,
27,Phansidewa,27711,77940,105651,,12815,,,2575,,2291,1832,,,,,,,2787,,,,,,,,,,,,,,,,,,1699,,,,,,,,,,,,,,,,,,,,,,,,,
28,Chopra,64905,124923,60018,12279,,2193,,1531,,,,,,,,3166,,,,,,,,,,,,,,,,,,,,,,,,,,,,,,,,,,,,,,,,,,,,,
29,Islampur,37440,100131,62691,,3461,563,,1976,,,1152,,,,,,,,,,,,,,,,,,,,,,,,,,,,,,,,,,,,,,,,,,,,,,,,,,
30,Goalpokhar,73514,105649,32135,,19391,694,,2016,,865,380,,,,,,,,,,,,,,,,,,,,,,,,,,,,,,,,,,,,,,,,,,,,,,,,,,
31,Chakulia,33837,86311,52474,,,1046,,1186,28704,2725,,,,,,,,,,,954,,,,,,,,,,,,,,,,,,,,,,,,,,,,,,,,,,,,,,,,
32,Karandighi,36626,116594,79968,,,1269,,2449,9146,1139,207,,,,231,271,,,,,,,,,,,,,,,,,,,,,,,,,,,,,,,,,,,,,,,,,,,,,
33,Hemtabad,27215,116425,89210,9453,,842,,2160,,1411,1518,,,,,1581,,,,,,,,,,,,,,,,,,,,,,,,,,,,,,,,,,,,,,,,,,,,,
34,Kaliaganj,21820,94948,116768,,16770,4004,,3007,,,1073,,,,,387,,,,,,,,,,,,,,,,,,,,,,,,,,,,,,,,,,,,,,,,,,,,,
35,Raiganj,20748,59027,79775,,17198,1361,,2468,,,133,,,,133,208,,,,,73,,,,,,,,,,,,,,,,,,,,,,,,,,,,,,,,,,,,,,,,
36,Itahar,43975,114645,70670,,,1024,,1240,,,,,4908,,,,,,,831,,,,,,,,,,,,,,,,,,,,,,,,,,,,,,,,,,,,,,,,,
37,Kushmandi,12584,89968,77384,,,1118,,1598,,1436,,12571,,,,,,,,,,,,,,,,,,,,,,,,,,,,,,,,,,,,,,,,,,,,,,,,,
38,Kumarganj,29367,89763,60396,,17478,,,1125,,,1215,,,,,,951,,,,,,,,,,,,,,,,,,,,,,,,,,,,,,,,,,,,,,,,,,,,
39,Balurghat,13436,58693,72129,,,,,1830,,1141,604,16153,,,379,810,353,,,,,,,,,,,,,,,,,,,,,,,,,,,,,,,,,,,,,,,,,,,,
40,Tapan,1650,82731,84381,,,,,1703,,2146,820,12088,,,1315,,1125,,,,,,,,,,,,,,,,,,,,,,,,,,,,,,,,,,,,,,,,,,,,
41,Gangarampur,4592,84132,88724,12273,,,,1149,,1169,,,,,,,1145,,,,,,,890,,,,,,,,,,,,,,,,,,,,,,,,,,,,,,,,,,,,,
42,Harirampur,22672,96131,73459,12444,,1831,,1823,,,278,,,,571,,,,,,,,,,,,,,,,,,,,,,,,,,,,,,,,,,,,,,,,,,,,,,
43,Habibpur,19517,74558,94075,13805,,1701,,2162,,1667,,,,,5896,,747,,,,,,,,1887,,,,,,,,,,,,,,,,,,,,,,,,,,,,,,,,,,,,
44,Gazole,1798,98857,100655,13950,,1127,,1736,,1943,1381,,,,824,,741,,,,,,,,,,,,,,,,,,,,,,,,,,,,,,,,,,,,,,,,,,,,
45,Chanchal,67338,115966,48628,,31346,452,,1023,,1050,1214,,,,,,,,,,,,,,,,,,,,,,,,,,,,,,,,,,,,,,,,,,,,,,,,,,
46,Harischandrapur,77473,122527,45054,,29396,1473,,1012,1285,1305,629,,,,,,,,,,,,,,,,,,,,,,,,,,,,,,,,,,,,,,,,,,,,,,,,,,
47,Malatipur,91949,126157,34208,,19827,,,2034,,1023,,,,,592,,,,,1643,,,,,,,,,,,,,,,,,,,,,,,,,,,,,,,,,,,,,,,,,
48,Ratua,75650,130674,55024,,16173,8628,,2051,,1682,,,,,,,,,,,,,,,,,,,2102,,,,,,,,,,,,,,,,,,,,,,,,,,,,,,,,
49,Manikchak,33878,110234,76356,,11555,2743,,1367,,1740,,,,,1519,,,,,,,,,,,,,,,,,,,,,,,,,,,,,,,,,,,,,,,,,,,,,,
50,Maldaha,15456,77942,93398,,26563,2128,,2818,,1240,,,,,1469,,,,,,,,,,,,,,,,,,,,,,,,,,,,,,,,,,,,,,,,,,,,,,
51,Englishbazar,20099,87656,107755,10953,,1787,,3196,,1039,267,,,,201,,,,,,275,,,,,,,,,,,,,,,,,,,,,,,,,,,,,,,,,,,,,,,,
52,Mothabari,56573,97397,40824,,16903,566,3585,2139,,,,,,,,,556,300,,,,,,,,,,,,,,,,,,,,195,,,,,,,,,,,,,,,,,,,,,,,
53,Sujapur,130163,152445,14789,,22282,2321,11173,1527,,1461,,,,,,,,,,,,,,,,,,546,,,,,,,,,,,,,,,,,,,,,,,,,,,,,,,241,,
54,Baisnabnagar,2471,83061,80590,,37443,1346,,1705,,2282,,,,,,,,,,,,,,,,,,,,,,,,,,,,,,,,,,,,,,,,,,,,,,,,,,,
55,Farakka,59945,102319,42374,,36205,1647,1559,1638,,,,,,,,,,,,,,,,,,,,,,,,,,,,,,,,,,,,,,,,,,,,,,,,,,,,,
56,Samserganj,0,,,,,,,,,,,,,,,,,,,,,,,,,,,,,,,,,,,,,,,,,,,,,,,,,,,,,,,,,,,,
57,Suti,70701,127351,56650,,18760,8006,,2724,,,851,,,,,,,,,,,,,,,,,,516,,,,,,,,,,,,,,,,,,,,,,,,,,,,,,,,
58,Jangipur,0,,,,,,,,,,,,,,,,,,,,,,,,,,,,,,,,,,,,,,,,,,,,,,,,,,,,,,,,,,,,
59,RaghunathGanj,98313,126834,28521,,12799,16244,,2938,,,913,,,,,,,,,,,,,,,1361,,,868,,,,,,,,,,,,,,,,,,,,,,,,,,,,,,,,
60,Sagardighi,50206,95189,44983,,36344,530,,1705,,981,698,,,,1656,,,,,3450,,,,,,1280,,,,,,,,,,,,,,,,,,,,,,,,,,,,,,,,,,,
61,Lalgola,60707,107860,29464,,47153,1691,,1394,,852,653,,,,,,,,,,,,417,,,954,,,,,,,,,,,,,,,,,,,,,,,,,,,,,,,,,,,
62,Bhagabangola,106008,153795,16707,47787,,827,,3396,,784,449,,,,,,,,,,,,,,,,,,,265,,421,,,,,,617,,,,,,,,,,,,,,,,,,,,,,,
63,Raninagar,79702,134957,21138,,55255,884,2754,2774,,587,501,,,,,,,,,,,,,,,1393,,,,202,,247,,,,,,,,,,,,,,,,,,,,,,,,,,,,,
64,Murshidabad,2491,93476,95967,,28835,2278,1442,2904,,1099,1004,,,,,,,,,,,,,,,,,,,,,,,,,,,,,,,238,,,,,,,,,,,,,,,,,,,
65,Nabagram,35533,100455,64922,39129,,,,2629,,,1381,,,,,,,,,,,,,,,,,,,,,,,,,,,,,,,,,,,,,,,,,,,,,,,,,,
66,Khargram,32573,93255,60682,,27423,,,1685,,,,,,,,,,1511,,,1380,,,,,,,,,,,,,,,,,,,,,,,,,,,,,,,,,,,,,,,,
67,Burwan,2749,81890,79141,,12260,1504,,2008,,,,,,,,,,,,,,,,,,,,,,,,,,,,,,,,,,,,,,,,,,,,,,,,,,,,,
68,Kandi,38080,95399,57319,,27555,1769,,3131,,,264,,,,,,,,,,,,,,,,,,,,,,,360,,,,,,,,,,,,,,,,,,,,,,,,,,,
69,Bharatpur,43083,96226,53143,,30116,1011,,2444,,1450,,,,,,2581,,,,2076,,,,,,,,,,,,,,,,,,,,,,,,,,,,,,,,,,,,,,,,,
70,Rejinagar,68268,118494,50226,,37282,,,1560,,,1338,,,,,,,,,,,,,,,,,,,,,,,,,,,1039,,,,,,,,,,506,,,,,,,,,,,,,
71,Beldanga,53832,112862,59030,,26949,1968,,1368,,,478,,,,,,,,,,,,,,,,,,,,,,,,,,,,,,,1176,,,,,,,,,,,,,,,,,,,
72,Baharampur,26852,62488,89340,,40167,547,,2525,,1088,1038,,,,414,,,,,,,,,,,,,,,,,,,,,,,,,,,,,,,,,,,,,,,,,,,,,,
73,Hariharpara,14066,102660,18378,,88594,1079,,1117,,,1725,,,,,,,,,,,,,,,,,,,,,,,,,,,,,,,,,,,,,,,,,,,,,,,,,,
74,Naoda,74153,117684,43531,,31588,4393,,1308,,,352,,,,,,,,,,,,,,,,,,,,,,,,,,,,,,,,,,,,,893,,,,,,,,,,,,,
75,Domkal,47229,127671,12348,80442,,729,,2419,,,293,,,,,,,,,,,,,,,,,,,,,,,679,,,,521,,,,,,,,,,,,,,,,,,,,,,,
76,Jalangi,79276,123840,43773,44564,,4189,,2551,,,264,,,,277,388,,,,1338,,,,,,,,,,,,,,254,,,,,,,,,,,,,,,,,,,,,,,,,,,
77,Karimpur,23575,110911,87336,17185,,1310,,1328,,1272,1469,,,,,,,,,,,,,,,,,,,,,,,,,,,,,,,,,,,,,,,,,,,,,,,,,,
78,Tehatta,6915,97848,90933,23239,,1439,,1736,,1876,,,,,,,,,638,,,,,,,,,,,,,,,,,,,,,,,,,,,,,,,,,,,,,,,,,,
79,Palashipara,51336,110274,58938,26228,,1688,,1654,,1690,1696,,,,,,,,,,,,,,,,,,,,,,,,,,,,,,,,,,,,,,,,,,,,,,,,,,
80,Kaliganj,46987,111696,64709,,25076,1687,,2051,,1567,879,,,,,,,,,,,982,,,,,,,,,,,,,,,,,,,,,,,,,,,,,,,,,,,,,,,
81,Nakashipara,21271,104812,83541,5365,,11277,,1146,,1080,323,,,,,1003,,1023,,,,,,,,,,,,,,,,,,,,,,,,,,,,,,,,,,,,,,,,,,,
82,Chapra,12118,73866,58168,11722,,61748,3865,2023,,1070,713,,,,,,,,,,,,,,,,,,,,,,,,,,,,,,,,,,,,,,,,,,,,,,,,,,
83,Krishnanagar Uttar,35089,74268,109357,,11407,1377,,1851,,1358,727,,,,,,,,1460,,,,,,,,,,,,,,,,,,,,,,,,,,,,,,,,,,,,,,,,,,
84,Nabadwip,18571,102170,83599,18540,,1183,,2344,,1617,,,,,,,,,,,,,1136,,,,,,,,,,,,,,,,,,,,,,,,,,,,,,,,,,,,,,
85,Krishnanagar Dakshin,9305,91738,82433,15606,,1076,,2165,,1217,,,,,,,,868,,,,,,,,,,,,,,,,,,,,,,,,,,,,,,,,,,,,,,,,,,,
86,Santipur,15878,93844,109722,,9848,,,2385,,1294,608,,,,,,,,1099,,,,,,,,,,,,,,,,,,,,,,,,892,,,,,,,,,,,,,,,,,,
87,Ranaghat Uttar Paschim,23128,90509,113637,,10345,1160,,2258,,1312,1068,,,,,,,,,,,,,,,,,,,,,,,,,,,,,,,,,701,,,,,,,,,,,,,,,,,
88,Krishnaganj,21277,96391,117668,10913,,835,,2099,,1801,484,,,,,,,,1380,,,,,,,,,,,,,,,,,,,,,,,,,,,,,,,,,,,,,,367,,,,
89,Ranaghat Uttar Purba,31782,85004,116786,,,1228,5204,2359,,2117,,,,,488,,,,485,,,,,,,,,,,,,,,,,,,,,,,,,,,,,,,,,,,,,,,,,,
90,Ranaghat Dakshin,16515,102745,119260,15124,,,,1577,,1666,1315,,,,,,,,,,,,,,,,,,,,,,,,,,,,,,,,,,,,,,,,,,,,,,,,,,
91,Chakdaha,11680,87688,99368,17812,,1370,,1487,,995,,,,,,,,,,,,1683,,,,,,,,,,,,,,,,,,,,,,,,,,,,,,,,,,,,,,,
92,Kalyani,2206,94820,97026,22165,,957,,2577,,1661,,,,,,,,,,,,,,,,,,673,,,,,,,,,,,,,,,,,,,,,,,,,,,,,,,,,
93,Haringhata,15200,82466,97666,24800,,1156,,1427,,1153,404,,,,,,,,446,,,,,,,,,376,,,,,,,,,,,,,,,,,,,,,,,,,,,,,,,,,
94,Bagda,9792,98319,108111,,8250,851,,1020,,2240,,,,,,,,,,,,,,,,,,,,,,,,,,,,,,,,,,,,,,,,,,,,,,,,,,,
95,Bangaon Uttar,10488,87273,97761,14051,,1480,,1833,,1082,228,,,,141,425,,,,,,,,,,,,,,,,,,,,,,,,,,,,,,,,,,,,,,,,,,,,,
96,Bangaon Dakshin,2004,95824,97828,10069,,462,,1542,,820,953,,,,,,,,,,,,,,,,,,,,,,,,,,,,,,,,,,,,,,,,,,,,,,,,,,
97,Gaighata,9578,91230,100808,,,1526,,1409,,1385,814,,14838,,,,,,,,,,,,,,,,,,,,,,,,,,,,,,,,,,,,,,,,,,,,,,,,
98,Swarupnagar,34800,99784,64984,43282,,923,,1256,,,821,,,,,,,,,,,,,,,,,,,,,,,,,,,,,,,,,,,,,,,,,,,,,,,,,,
99,Baduria,56444,109701,53257,,45231,844,,1953,,1278,619,,,,,,,,,,,,,,,,,,,,,,,,,,,,,,,,,,,,,,,,,,,,,,,,,,
100,Habra,3841,90533,86692,21994,,1115,,1290,,1125,1062,,,,,,,,360,,,,,,,,,,,,,,,,,,,,,,,,,,,,,,,,,,,,,,,,,,
101,Ashoknagar,23532,93587,70055,,,1556,45795,1611,,1053,739,,,,,,,,,,,,,,,,,,,,,,,,,,,,,,,,,,,1278,,,,,,,,,,,,,,,
102,Amdanga,25480,88935,63455,,,1738,50905,2324,,1038,571,,,,,,,,,,,,518,,,,,,,968,,,,,,,,,,,,,,,,,,,,,,,,,,,,,,,
103,Bijpur,13347,66625,53278,14490,,660,,1227,,878,1542,,,,,,,,,,,,,,,,,,,,,,,,,,,,,,,,,,,,,,,,,,,,,,,,,,
104,Naihati,18855,77753,58898,15825,,1378,,1701,,913,,,,,,,,,,,,,,,,,,,,,,,,,,,,,,,,,,,,,,,,,,,,,,,,,,,
105,Bhatpara,13687,43557,57244,,2169,744,,1160,,682,592,,,,,,,,,,,,,,,,,,,,,,,,,,,,,,,,,,,,,,,,,,,,,,,,,,
106,Jagatdal,18364,87030,68666,,,1522,,2568,16748,908,807,,,,,,,,,,,,,,,,,,,,,,,,,,,,,,,,,,,,,,,,,,,,,,,260,,,
107,Noapara,26710,94203,67493,,23502,857,,2886,,1305,,,,,,,,,,,,,,,,,,,,,,,,,,,,,,,,,,,,661,,,,,,,,,,,,,,,
108,Barrackpur,9222,68887,59665,16145,,652,,1930,,970,,,,,,,,,,,,,,,,,,,,,,,,,,,,,,,,,,,,,,,,,,,,,,,,,,,
109,Khardaha,28140,89807,61667,26916,,637,,2415,,1097,,,,,,,,,,,,,,,,,,,,,,,,,,,,,,,,,,,,,,,,,,,,,,,,,,,
110,Dum Dum Uttar,28499,95465,66966,45728,,,,2111,,1005,,,,,,,,,,,,1229,,,,,,,,,,,,,,,,,,,,645,,,,,,,,,,,,,,,,,,,
111,Panihati,25177,86495,61318,,21169,827,,2334,,1326,887,,,,,,,,,,,,,,,,,,,,,,,,,,,,,,,,,,,,,,,,,,,,,,,,,,
112,Kamarhati,35408,73845,38437,28310,,828,,1553,,,,,,,,,,,,,,,,,,,,488,,,,,,,,,,,,,,,145,,,,,,,,,,,,,,,,,,
113,Baranagar,35147,85615,50468,,20135,630,,2378,,,,,,,,,,,,,,,,,,,,,,,,,,,,,,,,,,,,,538,,,,,,,,,,,,,,,,
114,Dum Dum,26731,87999,61268,30653,,774,,2039,,980,,,,,,,,,,,,739,,,,,,,,,,,,,,,,,,,,,,,,,,,,,,,,,,,,,,,
115,Rajarhat New Town,56432,127374,70942,31543,,1313,,2032,,1137,,,,,,,,,,,,,,,,,,,,,,,,,,,,,,,,,,,,,,,,,,,,,,,,,,,
116,Bidhannagar,7997,75912,67915,,12821,647,,2213,,611,,,,,,,,,,,,,,,,,,,,,,,,,,,,,,,,,,,,,,,,,,,,,,,,,,,
117,Rajarhat  Gopalpur,25296,87650,62354,24511,,324,,2258,,,455,,,,,,,,,,,370,,,,,,,,,,,,,,,,,,,,,,,,,,,,,,,,,,,,,,,
118,Madhyamgram,48126,112741,64615,,,869,46748,3152,,1667,639,,,,,,,,,,,,,,,,,,,,,,,,,,,,,,,,,,,,,,,,,,,,,,,,,,
119,Barasat,23783,104431,80648,,,767,,2688,34171,940,418,,,,,576,,,,,,,,,,,,,,,,,,,,,,,,,,,496,,,,,,,,,,,,,,,,,,
120,Deganga,32537,100105,38446,,,,67568,2100,2942,1354,787,,,,,,,,,,,,,,,,,,1078,,,,,,,,,,,,,,,,,,,,,,,,,,,,,,,,
121,Haroa,80978,130398,38506,,,2484,49420,2930,,,,,,,,,,,,,,,,,,,,,,2401,,,,1256,,,,,,,,,,,,,,,,,,,,,,,,,,,
122,Minakhan,55830,109818,53988,44606,,,,3940,,,,,,,,,,,,,,,,,,,,,,,,,,,,,,,,,,,,,,,,,,,,,,,,,,,,,
123,Sandeshkhali,39685,112450,72765,,,1961,14387,2456,,,,,,,,,,,,,,,,,,,,,,,,,,,,,,,,,,,,,,,,,,,,,,,,,,,,,
124,Basirhat Dakshin,24468,115873,91405,,23089,,,1689,,1470,1347,,,,,,,,,,,,,,,,,,,,,,,864,,,,,,,,,,,,,,,,,,,,,,,,,,,
125,Basirhat Uttar,89351,137216,47505,,,2014,47865,1952,,,,,,,,,,,,,,,,,,,,,,,,,,,,,,,,,,,,,,,,,,,,,,,,,,,,,
126,Hingalganj,24916,104706,79790,,,1158,,1736,,850,,,6008,,,,,,,,,,,,,,,,,,,,,,,,,,,,,,433,,,,,,,,,,,,,,,,,,
127,Gosaba,23709,105723,82014,,,,,1017,,1271,912,4871,,,,,,,,,,,,,,,,,,,,,,,,,,,,,,,,,,,,,,,,,,,,,,,,,
128,Basanti,50642,111453,60811,,,1635,,1907,,,688,36688,,,,,,,,,,,,,,,,,,,,,,,,,,,,,,,,,,,,,,,,,,,,,,,,,
129,Kultali,47177,117238,70061,20010,,1002,,1048,,1432,15306,,,,458,,,,,,,,346,,,,,,,,,,,,,,,,,,,,,,,,,,,,,,,,,,,,,,
130,Patharpratima,22134,120181,98047,,10182,,,1214,,,1664,,,,,,,,,,,,,,,,,,,,,,,,,,,,,,,,,,,,,,,,,,,,498,,,,,,
131,Kakdwip,25302,114493,89191,,12234,,,1023,,1630,1026,,,,,,,,,,,,,,,,,,,,,,,,,,,,,,,,,,,,,,,,,,,,,,,,,,
132,Sagar,29846,129000,99154,9096,,,,1025,,,792,,,,,,,,,,,,,,,,,,,,,,,,,,,,,,,,,,,,,,,,,,,,,,,,,,
133,Kulpi,33818,96577,62759,,,957,29961,1685,,,1191,,,,,,,,,,,,,,,,,,,,,,,,,,,,,,,,,,,,,,,,,,,,,,,,,,
134,Raidighi,35568,115707,80139,36931,,532,,1462,,795,2862,,,,,,,,,,,,,,,,,,,,,,,,,,,,,,,,,,,,,,,,,,,,,,,,,,
135,Mandirbazar,23492,95834,72342,,,808,25397,1822,,860,1117,,,,441,,,,,,,,,,,,,,,,,,,,,,,,,,238,,,,,,,,,,,,,,,,,,,,
136,Jaynagar,38683,104952,66269,17368,,1435,,1164,,811,9423,,,,574,,,,,,,,248,,,,,,,,,,,,,,,,,,187,,,,,,,,,,,,,,,,,,,,
137,Baruipur Purba,49641,123243,73602,21467,,1627,,1855,,1393,1525,,,,,,,,,,,,,,,,,,,,,,,,,,,,,,,,,,,,,,,,,,,,,,,,,,
138,Canning Paschim,35243,111059,75816,,11908,13390,,3032,,,1963,,,,,,,,,,,,,,,,,,,,,,,,,,,,,,,,,,,,,,,,,,,,,,,,,,
139,Canning Purba,53007,122301,34503,,,1715,69294,2267,,,2686,,,,,,,,,,,,,,,,,,,,,,,,,,,,,,,,,,,,,,,,,,,,,,,,,,
140,Baruipur Paschim,61910,121006,59096,25639,,1769,,1536,,912,,,,,,,,,,,,,,,,,,,,,,,,,,,,,,,,,,,,,,,,,,,,,,,,,,,
141,Magrahat Purba,54079,110945,56866,33822,,939,,1480,,,1209,,,,,,,,,,,,,,,,,,,,,,,,,,,,,,,,,,,,,,,,,,,,,,,,,,
142,Magrahat Paschim,46941,97006,50065,,,920,40685,2286,,,615,,,,,,,,,,,,,,,,,512,,,,,,,,,,,,,,,,,,,,,,,,,,,,,,,,,
143,Diamond Harbour,16996,98478,81482,38719,,1585,,1449,,1088,469,,,,,,,,,,,,,,,,,,,,,,,,,,,,,,174,,,,,,,,,,,,,,,,,,,,
144,Falta,40774,117179,76405,,7452,1677,,1185,,776,,,,,,,,,,,,,,,,,,,,,,,,,,,,,,,,,,,,,,,,,,,,,,,,,,,
145,Satgachhia,23318,118635,95317,16220,,993,,1377,,1379,1625,,,,,,,,,,,,,,,,,,,,,,,,,,,,,,,,,,,,,,,,,,,,,,,,,,
146,Bishnupur,58832,136509,77677,17995,,817,,1863,,2709,,,,,,,,,,,,,,,,,,,,,,,,,,,,,,,,,,,,,,,,,,,,,,,,,,,
147,Sonarpur Dakshin,26181,109222,83041,,,1907,,2550,,1110,441,,31778,,126,146,,,,,,,,,,,,,,,,,,,,,,,,,,,,,,,,,,,,,372,,,,,,,,
148,Bhangar,26151,83086,38726,,,1303,109237,3243,,,937,,,,,,,,,,,,,4930,,,,,,,,,,,,,,,,,,,,,,,,,,,,,,,,,,,,,
149,Kasba,63622,121372,57750,39180,,503,,2476,,,673,,,,,,,,,,,,,,,,,,,,,,,,,,,,,,,,,,,,,,,,,,,,,,,,,,
150,Jadavpur,38869,98100,53139,59231,,400,,2730,,649,,,,,,,,,,,,,,,,,,385,,,,,,,,,,,,,,,,,,,,,,,,,,,,,,,,,
151,Sonarpur Uttar,36090,119957,83867,29400,,1521,,2114,,1356,,,,,,,,,,,,,,,,,,,,,,,,,,,,,,,,,,,,,,,,,,,,,,,,,,,
152,Tollyganj,50080,101440,51360,40597,,303,,2310,,,454,,,,,,,,,,,,,,,,,,,,,,,,,,,,,,,,,,,,,,,,,,,,,,,,,,
153,Behala Purba,37428,110968,73540,30172,,1167,,2835,,1175,663,,,,,,,,,,,,,,,,,,,,,,,,,,,,,,,,,,,,,,,,,,,,,,,,,,
154,Behala Paschim,50884,114778,63894,47509,,873,,2433,,862,,,,,,,,,,,,,,,,,,,,,,,,,,,,,,,,,,,,,,,,,,,,,,,,,,,
155,Maheshtala,57949,124008,66059,25276,,1165,,2049,,838,,,,,,,,,,,,,,,,,,,,,,,,,,,,,,,,,,,,,,,,,,,,,,,,,,,
156,Budge Budge,44714,122357,77643,,10809,1143,,2735,,932,515,,,,,,,,,,,,,,,,,,,,,,,,,,,,,,,,,,,,,,,,,,,,,,,,,,
157,Metiaburuz,119604,151066,31462,,,735,7389,3008,,609,,,,,,829,,,,,,,,,,,,,,,,,,311,,,,,,,,,,,,,,,,,,,,409,,,,,,,
158,Kolkata Port,68554,105543,36989,,5590,1139,,1360,,748,180,,,,,,,,,,175,,,,,,,,,,,,,,,,,,,,,,,,,,,,,,,,,,,,,,,,
159,Bhabanipur,28719,73505,44786,,5211,523,,1570,,564,,,,,,,,,,,,,,,,,,,,,,,,,,,,,,,,,,,,,,,,,,,,,,,,,,,
160,Rashbehari,21414,65704,44290,,10314,669,,1662,,,546,,,,72,,,,,,,,,,,,,,,,,,,,,,,,,,,,,,321,,,,,,,,,,,,,,,,
161,Ballygunge,75359,106585,31226,8474,,643,,1317,,812,,,,,,,,,541,,,580,,,,,,,,118,,,,,,,,,,,,,,,,,,,,,,,,,,,,,,,
162,Chowrangee,45344,70101,24757,,14266,169,,1212,,264,204,,,,,,,,,,81,,,,,,,,,,,,,,,,,,,,,,,,,,,,,,,,,,,,,,,75,
163,Entally,58257,101709,43452,,,1934,4354,991,,827,,,,,,,,,,,137,132,,,,,,,,,,,,,,,,,,798,,,,,,,,,,,,,,249,,,,,,,
164,Beleghata,67140,103182,36042,14045,,1168,,1564,,757,168,,,,,,,,,,,,,,,,,,,,,,,,,,,,,,,,,,,,,,,,,206,,,,,,,,,
165,Jorasanko,12743,52123,39380,,4769,361,,1028,,412,408,,,,,,,,,,,,,,,,,,,,,,,,,,,,,,,,,,,,,,,,,,,,,,,,,,
166,Shyampukur,22520,55785,33265,,,639,,1063,10828,,,,,,,,,,,,,,,,,,,,,,,,,,,,,,,,,,,,,,,,,,,,,,,409,,,,,
167,Maniktola,20238,67577,47339,13513,,783,,1420,,669,,,,,408,,,,,,,,,,,,,,,,,,,,,,,,,,,,,203,,,,,,,,,,,,,,,,,
168,Kashipur-Belgachhia,35390,76182,40792,14757,,234,,1577,,539,,,,,,,,,,,,,,,,,,,,,,,,,,,,,,,,,,,,,,,,,,,,,,,,,,,
169,Bally,6237,53347,47110,22040,,587,,1205,,,442,,,,,,,,,,,,,,,,,,,,,,,,,,,,,,,,,,,,,,,,,,,,,,,,,,
170,Howrah Uttar,5522,71575,66053,8133,,911,,1670,,,,,,,,,,,,,,,,,,,,,,,,,,,,,,,,,,,,,98,,,251,,,,,,,,,,,,91,
171,Howrah Madhya,46547,111554,65007,,12942,488,,2735,,,284,,,,,,,,,,545,,,,,,,,,,,,,,,,,,,,,,,,,,,,,,,,,,,,,,,,154
172,Shibpur,32603,92372,59769,,,907,,1912,24970,,601,,,,,,,,,,,,,,,,,,,,,,,,,,,,,,,,,,,,,,,,,,,,,,,,,,
173,Howrah Dakshin,50569,116839,66270,27287,,1063,,2948,,,322,,,,,,,,,,654,,,,,,,,,,,,,,,,,,,,,,,,,,,,,,,,,,,,,,,,
174,Sankrail,40427,111888,71461,34144,,1006,,1850,,,,,,,,,,,,,,,,,,,,,,,,,,,,,,,,,,,,,,,,,,,,,,,,,,,,,
175,Panchla,32751,104572,71821,,,1218,35576,2411,,,,,,,,1411,,,,,,,,,,,,,,,,,,,,,,,,,,,,,,,,,,,,,,,,,,,,,
176,Uluberia Purba,17126,86526,69400,,,1617,30458,2111,,,,,,,,,,,,,,,,,,,1233,,,,,,,,,,,,,,,,,,,,,,,,,,,,,,,,,,
177,Uluberia Uttar,21003,91501,70498,19292,,1181,,1248,,,,,,,,,,,,,,,,,,,,,,,,,,,,,,,,,,,,,,,,,,,,,,,,,,,,,
178,Uluberia Dakshin,28438,101880,73442,,,1314,,1474,21110,,1165,,,,,,,,,,,,,,,,1024,,,,,,,,,,,,,,,,,,,,,,,,,,,,,,,,,,
179,Shyampur,31511,114804,83293,,20408,632,,1142,,,1002,,,,,,,,,,,,,,,,,,,,,,,,,,,,,,,,,,,,,,,,,,,,,,,,,,
180,Bagnan,30120,106042,75922,14555,,906,,1548,,,464,,,,,,,,,,,,,,,,,,,,,,,,,,,,,,,,,,,,,,,,,,,,,,,,,,
181,Amta,26205,102445,76240,,25109,1266,,1302,,,1139,,,,,,,,,,,,,,,,,,,,,,,,,,,,,,,,,,,,,,,,,,,,,,,,,,
182,Udaynarayanpur,13998,101510,87512,,5178,1718,,1220,,,,,,,,,,,,,,,,,,,,,,,,,,,,,,,,,,,,,,,,,,,,,,,,,,,,,
183,Jagatballavpur,29196,116562,87366,,,1690,25362,2769,,,,,,,,,,,,,,,,,,,1972,,,,,,,,,,,,,,,,,,,,,,,,,,,,,,,,,,
184,Domjur,42620,130499,87879,22768,,2855,,2082,,,,,,,,,,,,,,1300,,,,,,,,,,,,,,,,,,,,,,,,,,,,,,,,,,,,,,,
185,Uttarpara,35989,93878,57889,42718,,833,,3353,,,,,,,,,,1223,,,,,,,,,,,,,,,,,,,,,,,,,,,,,,,,,,,,,,,,,,,
186,Sreerampur,23433,93021,69588,,19401,1075,,2400,,,768,,,,,,,,,,,,,,,,,,,,,914,,,,,,,,,,,,,,,,,,,,,,,,,,,,,
187,Champdani,30078,100972,70894,,23272,808,,3347,,,,,,,,,,,,,,,,,,,,,,,,790,,,,,,,,,,,,,,,,,,,,,,,,,,,,,
188,Singur,25923,101077,75154,30016,,,,2345,,,1346,,,,,,,,,,,,,,,,,,,,,,,,,,,,,,,,,,,,,,,,,,,,,,,,,,
189,Chandannagar,31029,86778,55749,33702,,1184,,3023,,,,,,,,,,,,,,,,,,,,,,,,,,,,,,,,,,,,,,,,,,,,,,,,,,,,,
190,Chunchura,18417,117104,98687,,,1311,,4338,28777,1328,,,,,,,,,,,,,,,839,,,,,,,,,,,,,,,,,,,1042,,,,,,,,,,,,,,,,,
191,Balagarh,5784,100364,94580,19766,,,,3105,,,2142,,,,,,,,,,,,,,,,,,,,,,,,,,,,,,,,,,,,,,,,,,,,,,,,,,
192,Pandua,31858,102874,71016,41474,,,,2164,,1650,1982,,,,,,,,,,,,1244,,1260,,,,,,,,,,,,,,,,,,,,,,,,,,,,,,,,,,,,
193,Saptagram,9772,93328,83556,,8332,1745,,3037,,,,,,,,,,,,,,,,,,,,,,,,,,,,,,,,,,,,,,,,,,,,,,,,,,,,,
194,Chanditala,41347,103118,61771,37161,,1886,,2156,,,,,,,,,,,,,,,,,,,,,,,,,,,,,,,,,,,,,,,,,,,,,,,,,,,,,
195,Jangipara,17926,101885,83959,,,1685,17756,3040,,,,,,,,,,,,,,,,,,,,,,,,,,,,,,,,,,,,,,,,,,,,,,,,,,,,,
196,Haripal,23072,110215,87143,,,,15795,3367,,2132,2122,,,,,,,,,,,,,,,,,,,,,,,,,,,,,,,,,,,,,,,,,,,,,,,,,,
197,Dhanekhali,30159,124776,94617,,9033,,,2182,,,,,,,,,,3230,,,,,,,,,,,,,,,,,,,,,,,,,,,,,,,,,,,,,,,,,,,
198,Tarakeswar,7484,96698,89214,14595,,961,,2752,,,,,,,,,,,,,,,,,,,,,,,,,,,1697,,,,,,,,,,,,,,,,,,,,,,,,,,
199,Pursurah,28178,91156,119334,,7828,1968,,2788,,,,,,,,,,,,,,,,,,,,,,,,,,,,,,,,,,,,,,,,,,,,,,,,,,,,,
200,Arambag,7172,95936,103108,14965,,,,3171,,2780,,,,,,,,,,,,,,,,,,,,,,,,,,,,,,,,,,,,,,,,,,,,,,,,,,,
201,Goghat,4147,98080,102227,,,,,2482,14378,2378,,,,,,,,,,,,,,,,,,,,,,,,,,,,,,,,,,,,,,,,,,,,,,,,,,,
202,Khanakul,12884,94519,107403,,,2088,8732,3278,,,,,,,,,,,,,,,,,,,,,,,,,,,,,,,,,,,,,,,,,,,,,,,,,,,,,
203,Tamluk,793,108243,107450,,,774,,1136,,,2756,,14718,,,192,,,,,,,,,,,,,,,,,,,,,,,,,,,,,,,,,,,,,,,,,,,,,
204,Panskura Purba,9660,91213,81553,20717,,980,,1183,,,1458,,,,,904,,,,,,,,,,,392,,,,,,,,,,,,,,,,,,,,,,,,,,,,,,,,,,
205,Panskura Paschim,8889,111705,102816,,,1103,,1337,,,1239,,15124,,,,,,,,,,817,,,,,,,,,,,,,,,,,,,,,,,,,,,,,,,,,,,,,,
206,Moyna,1260,106849,108109,,5108,361,,1335,,766,1674,,,,,,,,,,,,,,,,,,,,,,,,,,,,,,,,,,,,,,,,,,,,,,,,,,
207,Nandakumar,5406,108181,102775,12782,,715,,1473,,,1349,,,,,,,,,,,,,,,,,,,,,,,,,,,,,,,,,,,,,,,,,,,,,,,,,,
208,Mahishadal,2386,101986,99600,,,788,13796,1765,,,982,,,,,,,,,,,,,,,,,,,,,,,,,,,,,,,,,,,,,,,,,,,,,,,,,,
209,Haldia,15008,89118,104126,22688,,,,1413,,1922,1556,,,,,,,,,,,,,,,,,,,,,,,,,,,,,,,,,,,,,,,,,,,,,,,,,,
210,Nandigram,1956,108808,110764,6267,,776,,1090,,,240,,,,,,,,,,,,,,,,,,,,,,,,,,,,,,,,,,,,,,,,,,,,,,,,,,
211,Chandipur,13472,109770,96298,9837,,592,,736,,1254,475,,,,,,,,,,,,,,,,,,,,,,,,,,,,,1365,,,,,,,,,,,,,,,,,,,,,
212,Patashpur,9994,105299,95305,,,,,861,,,731,,6631,,,,,,,,,,,,,,,,,,,,,,,,,,,,,,,,,,,,,,,,,,,,,,,,
213,Kanthi Uttar,9330,104194,113524,6504,,866,,1492,,,773,,,,,,,,,,,,,,,,198,,,,,,,,,,,,,,,,,,,,,,,,,,,,,,,,,,
214,Bhagabanpur,27549,93931,121480,,5274,,,1019,,,946,,,,,,,,,,,,,,,,,,,,,,,,,,,,,,,,,,,,,,,,,,,,,,,,,,
215,Khejuri,17965,92442,110407,7812,,,,1136,,,824,,,,,,,,,,,,,,,,,,,,,,,,,,,,,,,,,,,,,,,,,,,,,,,,,,
216,Kanthi Dakshin,10293,88184,98477,,,,,870,,,1136,,6014,,,,,,,,,,,,,,,,,,,,,,,,,,,,,,,,,,,,,,,,,,,,,,,,
217,Ramnagar,12517,112622,100105,6751,,,,1233,,,944,,,,,,,,,,,,,,,,,,,,,,,,,,,,,,,,,,,,,,,,,,405,,,,,,,,
218,Egra,18491,125763,107272,,5086,,,1393,,,1303,,,,,,,,,,,,,,,,,,,,,,,,,,,,,,,,,,,,,,,,,,,,,,,,,,
219,Dantan,623,95209,94586,,,,,1250,,,1101,,5652,,,,,,,,,,,,,,,,,,,,,,,,,,,,,,,,,,,,,,,,,,,,,,,,
220,Nayagram,22754,100903,78149,5863,,905,,3086,,1858,689,,,,,,,,,,,,,,,,,,,,,,,,,,,,,,,,,,,,,,,,,,,,,,,,,,
221,Gopiballavpur,23768,104115,80347,5819,,1224,,2791,,1260,,,,,,,,,,,,,,,,,,,,,,,,,,,,,,,,,,,,,,,,,,,,,,,,,,,
222,Jhargram,38240,109493,71253,10430,,1159,,3636,,1802,1193,,,,,580,,,,,,,,,,,,,,,,,,,,,,,,,,,,,,,,,,,,,,,,,,,,,
223,Keshiary,15330,106366,91036,9270,,,,2570,,1904,1535,,,,,,,,,,,,,,,,,,,,,,,,,,,,,,,,,,,,,,,,,,,,,,,,,,
224,Kharagpur Sadar,3771,75836,79607,,10791,,,2643,,,807,,,,,,,,,,,,,,,,,,,,1701,,,,,,,,,,,,,,,,,,,,,,,,,,,,,,
225,Narayangarh,2416,100894,98478,13229,,560,,1756,,,2833,,,,,,,,,,,,,,,,,,,,,,,,,,,,,,,,,,,,,,,,,,,,,,,,,,
226,Sabang,9864,112098,102234,,17443,,,1534,,,1482,,,,,1410,,,,,,,,,,,,,,,,,,,,,,,,,,,,,,,,,,,,,,,,,,,,,
227,Pingla,6656,112435,105779,,7103,,,2073,,,1279,,,,,,,,,,,,,,,,,,,,,,,,,,,,,,,,,,,,,,,,,,,,,,,,,,
228,Kharagpur,36230,109727,73497,11245,,,,2314,,,954,,,,,617,,,,,,,,,,,,,,,1690,,,,,,,,,,,,,,,,,,,,,,,,,,,,,,
229,Debra,11226,95850,84624,20723,,807,,1353,,,1509,,,,,,,,,,,,,,,,,,,,,,,,,,,,,,,,,,,,,,,,,,,,,,,,,,
230,Daspur,26842,114753,87911,17045,,,,1368,,,1387,,,,,,,,,,,,,,,,,,,,,,,,,,,,,,,,,,,,,,,,,,,,,,,,,,
231,Ghatal,966,104846,105812,10165,,1239,,1305,,,2008,,,,,,,,,,,,,,,,,,,,,,,,,,,,,,,,,,,,,,,,,,,,,,,,,,
232,Chandrakona,11281,121846,110565,,,1670,10801,2906,,,1527,,,,,,,,,,,,,,,,,,,,,,,,,,,,,,,,,,,,,,,,,,,,,,,,,,
233,Garbeta,10572,94928,84356,23042,,833,,2719,,,1803,,,,,,,,,,,,,,,,,,,,,,,,,,,,,,,,,,,,,,,,,,,,,,,,,,
234,Salboni,32644,126020,93376,19859,,2643,,1965,,,565,,,,,1609,,,,,,,,,,,,,,,756,,,,,,,,,,,,,,,,,,,,,,,,,,,,,,
235,Keshpur,20720,116992,96272,13670,,,,3298,,,,,,,,,,,,,,,,,,,,,,,,,,,,,,,,,,,,,,,,,,,,,,,,,,,,,
236,Medinipur,24397,121175,96778,,,968,,3928,,,1500,,12984,,,1565,,,,,,,,,,,,,,,,,,,,,,,,,,,,,,,,,,,,,,,,,,,,,
237,Binpur,39494,100277,60783,8353,,6318,,3305,,3530,1732,,,,,,,,,,,,,,,,,,,,,,,,,,,,,,,,,,,,,,,,,,,,,,,,,,
238,Bandwan,18831,113337,94506,22204,,5067,,2954,,2987,,,,,,,,,,,,,,,,,,,,,,,,,,,,,,,,,,,,,,,,,,,,,,,,,,,
239,Balarampur,423,89098,89521,,8895,1478,,2441,,1416,1793,,,,,,,,,,,,,,2153,,,,,,,,,,,,,,,,,,,,,,,,,1170,,,,,,,,,,,
240,Baghmundi,13969,75905,,,51046,,,2386,11842,,1188,,,61936,,2000,,,,,,,,,,,,,,,,,,,,,,,,,,,,,,,,,,,,,,,,,,,,,
241,Joypur,12200,,74380,,62180,35429,,2956,19413,,1126,,,,,,,,,,,,,,,,,,,,,,,,,,2102,,,,,,,,,,,,,,,613,,,,,,,,,
242,Purulia,7018,82715,89733,,24996,1918,,2588,,1034,1209,,,,,389,,,,,,,,,,,,,,,,,,,,,,,,,,,,,,,,,,,,,,,,,,,,,
243,Manbazar,15516,103298,87782,16849,,1604,,2291,,1905,,,,,,,,,,,,,,,,,,,,,,,,,,,,,,,,,,,,,,,,,,,,,,,,,,,
244,Kashipur,7387,85551,92938,10927,,,,2401,,,2269,,,,,806,,,,,,,,,,,,,,,,,,,,,,,,,,,,,,,,,,,,,,,,,,,,,
245,Para,4007,83340,87347,13681,,1651,,3657,,1676,1897,,,,,,,,,,,,,,,,,,,,,,,,,,,,,,,,,,,,,,,,,,,,,,,,,,
246,Raghunathpur,5438,90332,95770,14738,,2403,,3557,,1707,3829,,,,,,,,,,,,,,,,,,,,,,,,,,,,,,,,,,,,,,,,,,,,,,,,,,
247,Saltora,4145,87503,91648,14084,,,,3363,,,2261,,,,3554,,,,,,,,,,,,,,,,,,,,,,,,,,,,,,,,,,,,,,,,,,,,,,
248,Chhatna,7164,83069,90233,,,2866,,3514,,,978,9700,,,1838,,,,,,,,,,,,,,,,,,,,,,,,,,,,,,,,,,,,,,,,,,,,,,
249,Ranibandh,3939,90928,86989,20057,,4807,,4226,,,1633,,,,1065,,,1465,,,,,,,,,,,,,,,,,,,,,,,,,,,,,,,,,,,,,,,,,,,
250,Raipur,19398,101043,81645,,,1161,6593,2986,,,1048,,,,,,,,,,,,,,,,,,,,,,,,,,,,,,,,,,,,,,,,,,,,,,,,,,
251,Taldangra,12377,92026,79649,23189,,1889,,3518,,,986,,,,353,,,,,,,,,,,,,,,,,,,,,,,,,,,,,,,,,,,,,,,,,,,,,,
252,Bankura,1468,93998,95466,,13764,3303,,4507,,1314,1720,,,,509,,,,,,,,,,,,,,,,,,,,,,,,,,,,,,,,,,,,,,,,,,,,,,
253,Barjora,3269,93290,90021,25235,,2081,,4903,,,1160,,,,1371,,,,,,,,,,,,,,,,,,,,,,,,,,,,,,,,,,,,,,,,,,,,,,
254,Onda,11551,93389,104940,,,3439,,4879,15613,,984,,,,,,,922,,,,,,590,,,,,,,,,,,,,,,,,,,,,,,,,,,,,,,,,,,,,
255,Bishnupur,11420,78269,89689,,15814,2278,,3419,,,1015,,,,985,,,,,,,,,,,,,,,,,,,,,,,,,,,,,,,,,,,,,,,,,,,,,,
256,Katulpur,11785,94237,106022,,17757,,,1856,,2519,1732,,,,,,,,,,,,,,,,,,,,,,,,,,,,,,,,,,,,,,,,,,,,,,,,,,
257,Indus,7220,97716,104936,12619,,,,3182,,,,,,,,,,,,,,,,,,,,,,,,,,,,,,,,,,,,,,,,,,,,,,,,,,,,,
258,Sonamukhi,10888,87273,98161,15725,,1732,,2076,,,2772,,,,,,,,,,,,,,,,,,,,,,,,,,,,,,,,,,,,,,,,,,,,,,,,,,
259,Khandaghosh,20886,104264,83378,22923,,,,1944,,3465,,,,,1923,,,,,,,,,,,,,,,,,,,,,,,,,,,,,,,,,,,,,,,,,,,,,,
260,Burdwan Dakshin,8105,91015,82910,23346,,581,,3707,,1455,797,,,,551,,,,,,,,,,,,,,,,,,,,,,,,,,,,,,983,,,,,,,,,,,,,,,,
261,Raina,18205,108752,90547,25332,,,,1563,,1871,,,,,1101,,,,,,,,,,,,,,,,,,,,,,,,,,,,,,,,,,,,,,,,,,,,,,
262,Jamalpur,17971,96999,79028,23298,,,,2865,,2024,,,,,1291,,,1185,,,,,,,,,,,,,,,,,,,,,,,,,,,,,,,,,,,,,,,,,,,
263,Monteswar,31805,105460,73655,24740,,,,1611,,,,,,,,,,1877,,,,,,,,,,1693,,,,,,,,,,,,,,,,,,,,,,,,,,,,,,,,,
264,Kalna,7478,96073,88595,19005,,,,2507,,2084,687,,,,,,,,,,,,,,,,,,,,,,,,,,,,,,,,,,,,,,,,,,,,,,,,,,
265,Memari,23078,104851,81773,25618,,1029,,1673,,2121,,,,,1737,,,,,,,,,,,,,,,,,,,,,,,,,,,,,,,,,,,,,,,,,,,,,,
266,Burdwan Uttar,17268,111211,93943,31028,,,,2396,,3347,,,,,,,,,,,,,,,,,,,,,,,,,,,,,,,,,,,,,,,,,,,,,,,,,,,
267,Bhatar,31741,108028,76287,19607,,1868,,4346,,1575,,,,,,,,,,,,,480,,,,,,,,,,,,,,,,,,,,,,,,,,,,,,,,,,,,,,
268,Purbasthali Dakshin,17410,105698,88288,,15061,,,1562,,3105,,,,,,,,,1639,,,,,,,,,,,,,,,,,,,,,,,,,,,,,,,,,,,,,,,,,,
269,Purbasthali Uttar,6706,92421,85715,28134,,1141,,1350,,1907,,,,,,,,,1675,,,,,,,,,,,,,,,,,,,,,,,,,,,,,,,,,,,,,,,,,,
270,Katwa,9155,107894,98739,,12976,,,1780,,1598,1472,,,,,,,,,,,,,,,,,,,,,,,,,,,,,,,,,,,,,,,,,,,,,,,,,,
271,Ketugram,12683,100226,87543,20092,,,,3620,,2293,1543,,,,,,,,,,,,,,,,,,,,,,,,,,,,,,,,,,,,,,,,,,,,,,,,,,
272,Mongalkote,22337,107596,85259,16783,,,,3826,,2476,1389,,,,,,,,,,,,,,,,,,,,,,,,,,,,,,,,,,,,,,,,,,,,,,,,,,
273,Ausgram,11815,100392,88577,20399,,,,4039,,1701,1972,,,,,,,,,,,,,,,,,,,,,,,,,,,,,,,,,,,,,,,,,,,,,,,,,,
274,Galsi,19262,109504,90242,,,,,2254,17020,3518,,,,,,,,,,,,,,,,,,,,,,,,,,,,,,,,,,,,,,,,,,,,,,,,,,,
275,Pandabeswar,3803,73922,70119,12196,,2273,,2735,,1137,635,,,,766,,,,,,,,,,,,,,,,,,,,,,,,,,,,,,,,,,,,,,,,,,,,,,
276,Durgapur Purba,3746,79303,75557,29063,,1884,,2628,,1240,636,,,,,471,,,,,,,,,,,,,,,,,,,528,,,,,,,,,,,,,,,,,,,,,,,,,,
277,Durgapur Paschim,14664,76522,91186,,18030,2130,,2624,,1228,691,,,,,,,,,,915,,,,,,,,,,,,,,879,,,,,,,,,,,,,,,,,,,,,,,,,,
278,Raniganj,3556,78164,74608,21688,,,,2006,,1540,,,,,1609,,,,984,,1612,,,,,,,,,,,,,,,,,,,,,,,,,,,,,,,,,,,,,,,,
279,Jamuria,8051,71002,62951,24818,,,,2353,,2409,,,,,1686,,,,,,1484,,,,,,,,,,,,,,,,,,,,,,,,,,,,,,,,,,,,,,,,
280,Asnsol Dakshin,4487,83394,87881,15972,,,,3466,,2867,,,,,1157,,,,,,,,,,,,,,,,,,,,,,,,,,,,,,,,,,,,,,,,,,,,,,
281,Asansol Uttar,21110,100931,79821,,,1673,4471,3348,,,510,,,,,,,,,1514,,,,,,,,,,,,,,,,,,,,,,,,,,,,,,,,,,,,,,,,,
282,Kulti,679,80433,81112,,5795,2003,,3553,,1047,,,,,824,,,,,,,,,,,,,,,,,,,,,,,,,,,,,,,,,,,,,,,,,,,,,,
283,Barabani,23457,88430,64973,,8962,2156,,3039,,,985,,,,662,,,,,,,,,,,,,,,,,,,,,,,,,,,,,,,,,,,,,,,,,,,,,,
284,Dubrajpur,3863,94220,98083,,,,,3157,6014,1093,,,,,2032,,,,,,,,,,,,,,,,,,,,,,,,,,,,,,,,,,,,,,,,,,,,,,
285,Suri,7320,105871,98551,,8267,664,,1835,,1318,2084,,,,,,,,,,,,,,,,,,,,,,,,,,,,,,,,,,,,,,,,,,,,,,,,,,
286,Bolpur,22280,116443,94163,,,,,3337,,1239,678,9965,,,702,,,,,,,,,,,,,,,,,,,,,,626,,,,,,,,,,1938,,,,1169,,,,,,,,,,
287,Nanoor,6670,112116,105446,12878,,,,2149,,2739,,,,,,,,,,,,,,,,,,,,,,,,,,,,,,,,,,,,,,,,,,,,,,,,,,,
288,Labhpur,17975,108423,90448,6479,,1992,,3057,,922,,,,,,295,,,411,,,,,,,,,,,,,,,,,,,,,,,,,,,,,,,,,,,,,,,,,,
289,Sainthia,15243,110572,95329,10369,,,,1742,,2098,1756,,,,,,,,,,,,,,,,,,,,,,,,,,,,,,,,,,,,,,,,,,,,,,,,,,
290,Mayureswar,12075,100425,88350,,,,5562,2803,,2285,,,,,,,,,,,,,,,,,,,,,,,,,,,,,,,,,,,,,,,,,,,,,,,,,,,
291,Rampurhat,8472,103276,94804,11707,,,,3381,,1587,960,,,,,,,,,,,,,,,,,,,,,1608,,,,,,,,,,,,,,,,,,,,,,,,,,,,,
292,Hansan,50613,108289,57676,,39815,,,2420,,1177,1229,,,,,,,,,,,,,,,,,,,,,,,,,,,,,,,,,,,,,,,,,,,,,,,,,,
